Date,Raw_Materials_Cost,Labor_Hours,Money_Invested,Expenses_Recorded,Team_Meetings,Team_Productivity_Score,Customer_Satisfaction,Total_Input_Cost,ROI,Record_Keeping_Score,Team_Collaboration_Index
2023-01-01,874.5401188473625,55.44410551203097,1657.0631917239716,1,1,6.37171657751756,3.90220853014327,1706.201701527827,1.3252402440553679,,0.637171657751756
2023-01-02,1450.7143064099162,78.44762255295657,4258.2988809255285,1,4,7.02818906572832,3.7345727066051717,2627.428644704265,0.25999679516630647,,2.811275626291328
2023-01-03,1231.993941811405,76.21402567824255,3660.7888827848005,1,1,9.15160795316906,4.779634435105476,2375.2043269850433,0.6568065477437085,,0.9151607953169061
2023-01-04,1098.6584841970366,47.831645391571854,3092.2616990764773,1,1,9.45874476813416,3.569750879660098,1816.1331650706143,0.5670987404181258,,0.945874476813416
2023-01-05,656.0186404424365,42.77445203500662,2435.32193649401,1,2,8.433945650639165,4.429549160299123,1297.635420967536,1.2860368448207795,,1.686789130127833
2023-01-06,655.9945203362026,44.03112005509706,4508.802163252433,0,2,8.02735372728193,4.34298927120021,1316.4613211626586,0.6712487797101215,,1.6054707454563861
2023-01-07,558.0836121681995,40.72887302606199,2569.7804296905415,1,4,6.637216082475922,4.018880671252541,1169.0167075591294,1.1089912316114099,0.8571428571428571,2.6548864329903687
2023-01-08,1366.1761457749353,43.77771843023714,4266.397757886309,1,2,6.252436132316601,3.9727842816460384,2022.8419222284924,0.45704654607347284,0.8571428571428571,1.2504872264633202
2023-01-09,1101.115011743209,67.32027093665428,2756.5396342808735,1,2,6.470596113894235,4.6577865892724315,2110.9190757930232,0.9239364752119137,0.8571428571428571,1.294119222778847
2023-01-10,1208.0725777960456,42.84754593840916,2507.7777176996306,1,4,6.909429200384395,3.6296369161438196,1850.785766872183,0.7093336609208595,0.8571428571428571,2.763771680153758
2023-01-11,520.5844942958024,52.759025211750455,2850.7191426784257,1,2,7.366698007587683,3.8551764639670782,1311.9698724720593,0.8921280786382626,0.8571428571428571,1.4733396015175366
2023-01-12,1469.9098521619944,73.79501243877817,2205.5114966565684,1,3,7.5236381020439485,4.598673097757135,2576.8350387436667,0.9167207072275345,0.8571428571428571,2.2570914306131846
2023-01-13,1332.4426408004217,40.93087742943303,3990.4375207050043,1,1,7.385287074356015,4.322480875589636,1946.4058022419172,0.5954422443702186,1.0,0.7385287074356015
2023-01-14,712.3391106782761,72.57873930355743,3010.8815603699168,1,1,6.956221328789063,3.6919823128003797,1801.0202002316373,0.6280426760913235,1.0,0.6956221328789063
2023-01-15,681.8249672071006,51.274190990936,1928.8507805872691,1,1,8.038896987006792,4.82320342142309,1450.9378320711407,1.7483289134088482,1.0,0.8038896987006792
2023-01-16,683.4045098534339,44.726593104866254,4598.298293098274,1,1,9.301144432931586,4.090171769845387,1354.3034064264277,0.5949740945526103,1.0,0.9301144432931586
2023-01-17,804.2422429595377,67.86948661456603,2535.564885492846,1,4,7.118814153885917,4.741802562983259,1822.284542178028,1.151427059709322,1.0,2.847525661554367
2023-01-18,1024.7564316322378,65.15771387119536,3174.2114444559543,1,1,9.769548076408933,4.681569523291563,2002.1221397001682,0.8441300872603461,1.0,0.9769548076408933
2023-01-19,931.9450186421158,75.09888054108211,4625.888443858188,1,1,9.493346646895391,4.436638169707592,2058.4282267583476,0.5141087970045634,1.0,0.9493346646895391
2023-01-20,791.2291401980419,69.40284175215544,3496.9519836559684,1,1,6.647056845408438,4.24172169694264,1832.2717664803736,0.6890143020903741,1.0,0.6647056845408439
2023-01-21,1111.8528947223795,72.13923721539393,1467.5921628334563,1,1,9.145103827028379,4.969326260572635,2193.9414529532887,1.8911144920949672,1.0,0.9145103827028379
2023-01-22,639.4938606520418,51.28138290285226,4759.328494453901,0,3,8.298349529271066,3.7174476085697257,1408.7146041948258,0.48509637589951865,0.8571428571428571,2.48950485878132
2023-01-23,792.1446485352182,47.09758175118891,3510.8322122856716,1,1,8.266301448685674,4.587733591326672,1498.608374803052,0.8798840359598087,0.8571428571428571,0.8266301448685673
2023-01-24,866.3618432936917,70.02459006563433,2339.6224586283442,1,3,7.564171052232698,3.7867860521971837,1916.7306942782066,0.7992979170730559,0.8571428571428571,2.2692513156698095
2023-01-25,956.0699842170359,72.27338957069057,1557.088290653549,1,4,8.00461199672804,4.007394657998523,2040.1708277773944,1.2633990262655146,0.8571428571428571,3.2018447986912157
2023-01-26,1285.1759613930135,79.62020568002694,4176.1007570811835,1,2,7.588715109716844,3.963048115059793,2479.4790465934175,0.3552522208547697,0.8571428571428571,1.5177430219433687
2023-01-27,699.6737821583597,56.50470707645706,3480.291023714054,1,1,8.15893047503977,4.9205539816080845,1547.2443883052156,0.9692607802961782,0.8571428571428571,0.8158930475039771
2023-01-28,1014.2344384136117,54.88072343171133,3133.844367905286,1,2,8.511800211090543,4.951034266682413,1837.4452898892816,0.9935365676357139,0.8571428571428571,1.7023600422181087
2023-01-29,1092.4145688620424,71.05651842967987,4575.570332203831,1,2,8.697215225636194,3.7745231663520906,2158.26234530724,0.3532370182727311,1.0,1.739443045127239
2023-01-30,546.4504127199978,53.63214161012071,4154.388844898123,1,4,8.129924770237704,3.5330527404462564,1350.9325368718085,0.5252566105491648,1.0,3.2519699080950817
2023-01-31,1107.5448519014385,77.23029302414258,1606.6995189310046,1,2,8.885688269314926,4.58001205949467,2265.999247263577,1.4402274880686394,1.0,1.7771376538629853
2023-02-01,670.5241236872915,74.33651007372048,2246.888271182193,0,3,6.565112197102023,4.126984900805726,1785.5717747930985,1.0420692279374892,0.8571428571428571,1.9695336591306067
2023-02-02,565.0515929852795,57.15976109500073,1993.9565592578629,1,2,6.847929963608954,3.6332603676313466,1422.4480094102905,1.1087565313077359,0.8571428571428571,1.3695859927217908
2023-02-03,1448.8855372533333,70.03484271165989,3975.785170290708,1,2,9.27494001629708,4.525631158365564,2499.4081779282315,0.5096409623886132,0.8571428571428571,1.854988003259416
2023-02-04,1465.6320330745593,70.1817149633873,1134.1297389431174,1,2,7.290111911385661,4.31765829239105,2518.3577575253685,1.5865032659688734,0.8571428571428571,1.458022382277132
2023-02-05,1308.3973481164612,44.12495475343731,3279.558739485266,1,1,6.0915752999044805,4.970775233001659,1970.2716694180208,0.914910755358074,0.8571428571428571,0.609157529990448
2023-02-06,804.6137691733707,76.10211626718267,4049.834742962762,1,1,6.615164598672124,3.8411142437920685,1946.1455131811106,0.46791260653382716,0.8571428571428571,0.6615164598672124
2023-02-07,597.6721140063838,60.21009489791429,4507.062547046998,0,3,6.894457737985245,4.105966814489823,1500.8235374750982,0.5780135620087188,0.7142857142857143,2.068337321395574
2023-02-08,1184.2330265121568,73.05829864430967,2368.32699486363,1,3,9.829291551578349,4.3138187050931345,2280.107506176802,0.8587121640411127,0.8571428571428571,2.9487874654735045
2023-02-09,940.1524937396014,52.80198404122447,4285.0292186880515,1,1,8.292165715723398,4.687549982680028,1732.1822543579683,0.6896960504803524,0.8571428571428571,0.8292165715723397
2023-02-10,622.0382348447788,75.82092913984802,1442.5269478208288,0,3,9.73092296190502,4.3232579850800885,1759.3521719424991,1.7773711728649406,0.7142857142857143,2.9192768885715057
2023-02-11,995.1769101112702,55.56806714936653,4385.809166938073,1,1,8.3006534019865,4.419350241292924,1828.6979173517682,0.5906897052134633,0.7142857142857143,0.83006534019865
2023-02-12,534.3885211152184,40.433506059211936,1509.9546493279297,1,4,7.917417760551407,3.839220577384911,1140.8911120033974,1.7870268266550398,0.7142857142857143,3.166967104220563
2023-02-13,1409.320402078782,76.21527905677056,2589.149162241469,1,2,7.254910764776384,4.77037809213284,2552.5495879303403,0.8565858377516145,0.7142857142857143,1.4509821529552769
2023-02-14,758.779981600017,43.65146707144534,4189.181463118215,1,2,8.425483777733502,4.142945820455713,1413.5519876716971,0.651533922990386,0.8571428571428571,1.6850967555467005
2023-02-15,1162.5222843539818,52.7725455036166,1599.6697093950952,1,3,6.556792098470119,3.711439441282654,1954.1104669082308,1.0985573859737245,0.8571428571428571,1.9670376295410357
2023-02-16,811.7110760894109,78.0024786820322,1917.0055809305659,1,1,9.593046509170824,4.496281871758126,1981.748256319894,1.3116986410741747,0.8571428571428571,0.9593046509170824
2023-02-17,1020.0680211778108,78.02428587750225,3889.0102735722653,1,1,9.317329620565134,3.824135679777961,2190.4323093403445,0.42008204029169927,1.0,0.9317329620565135
2023-02-18,1046.7102793432796,62.93751552493144,3880.1461461842973,1,3,7.270125791506948,3.6463437653589494,1990.773012217251,0.42667742161458855,1.0,2.181037737452084
2023-02-19,684.8544555255271,65.27348848679196,3564.590531541189,1,1,9.811190110405178,4.792980362606409,1663.9567828274066,0.8778072971052119,1.0,0.9811190110405178
2023-02-20,1469.5846277645587,57.937820879132786,3775.7937778684,1,4,9.300803069662273,4.19024339673266,2338.6519409515504,0.49038468854790407,1.0,3.720321227864909
2023-02-21,1275.1328233611146,51.72843086792258,3170.897773390385,1,2,8.665227543340158,4.6239255690436645,2051.0592863799534,0.8113999461776257,1.0,1.7330455086680316
2023-02-22,1439.498941564189,53.14658181479664,2007.196235627811,1,3,6.487047644501099,3.9358813397095327,2236.697668786139,0.8465458637091969,1.0,1.9461142933503297
2023-02-23,1394.827350427649,66.90073824308153,2382.783974015678,1,3,7.9129360921922895,4.6804552023765,2398.338424073872,0.9577522776672883,1.0,2.373880827657687
2023-02-24,1097.899978811085,70.09498117750721,1726.3908672057028,1,1,8.024430219387003,3.6679038905322954,2149.324696473693,0.87962652195707,1.0,0.8024430219387003
2023-02-25,1421.8742350231169,71.66316174903395,4633.802245334513,1,3,6.93020543346152,4.033960060692279,2496.821661258626,0.33172291739063786,1.0,2.079061630038456
2023-02-26,588.4925020519195,71.58472571178216,3333.567179064482,1,4,6.319861577437208,4.967092726960293,1662.2633877286519,0.9913792528276254,1.0,2.527944630974883
2023-02-27,695.9828624191452,43.64824412194761,2603.4056670545597,1,1,9.10689452188677,4.690984574552009,1350.7065242483595,1.2830417067051914,1.0,0.910689452188677
2023-02-28,545.227288910538,59.77681218810326,2848.023214576531,1,1,6.48814020849758,4.245883895472033,1441.879471732087,0.98454408987564,1.0,0.6488140208497579
2023-03-01,825.3303307632643,42.30235040066577,4789.133358447261,1,1,8.377163002247098,4.0096662073428275,1459.865586773251,0.5324137854862901,1.0,0.8377163002247098
2023-03-02,888.677289689482,61.981155292949424,1613.4056124643207,1,1,9.745796695534642,4.808203550033715,1818.3946190837232,1.853104332755697,1.0,0.9745796695534642
2023-03-03,771.3490317738958,57.66122005493508,3344.919328067189,1,4,9.50442077039217,4.3172716386267735,1636.2673325979222,0.8015153858966247,1.0,3.8017683081568676
2023-03-04,1328.7375091519293,75.508167310332,3023.554715537864,1,1,7.1110104949970445,4.637637526803667,2461.3600188069095,0.719774474995607,1.0,0.7111010494997044
2023-03-05,856.7533266935893,54.03660050208315,3445.816941738591,1,3,9.405794550205062,4.631161520474246,1667.3023342248366,0.8601325132361762,1.0,2.8217383650615186
2023-03-06,780.9345096873808,44.682680657104235,1072.440735283362,0,4,6.001330024481957,3.526918517852738,1451.1747195439443,1.9355324075416969,0.8571428571428571,2.4005320097927827
2023-03-07,1042.6960831582485,45.719667282113434,4488.495635776606,1,2,6.070751238453029,3.68938067418892,1728.4910923899502,0.43687010992485775,0.8571428571428571,1.2141502476906059
2023-03-08,640.9242249747626,70.46042526869888,4728.473129934449,1,2,8.41021265537146,4.489444049592113,1697.830604005246,0.5903836965708987,0.8571428571428571,1.682042531074292
2023-03-09,1302.1969807540397,64.72872253265044,3260.5327343568356,1,3,7.459192876578118,3.742429716928807,2273.1278187437965,0.4506324634323419,0.8571428571428571,2.2377578629734356
2023-03-10,574.5506436797708,44.04490704491161,3786.603295507569,1,3,7.545843364636589,3.883240016983407,1235.224249353445,0.6993116418536822,0.8571428571428571,2.263753009390977
2023-03-11,1486.8869366005174,43.364272244599896,4689.9975247091825,1,4,8.25776436271553,4.919956931299411,2137.351020269516,0.5933064775343221,0.8571428571428571,3.3031057450862122
2023-03-12,1272.2447692966575,68.0387652583648,3828.9545372535945,1,2,6.767129822367442,4.340273387562368,2292.8262481721295,0.5347274613656857,0.8571428571428571,1.3534259644734885
2023-03-13,698.7156815341724,42.91052025456774,1610.1561716570454,1,2,6.847021402661913,4.626094260499021,1342.3734853526885,2.039380299220905,1.0,1.3694042805323827
2023-03-14,505.5221171236024,72.87440237161425,3305.1534406672527,1,2,7.938406348075459,4.33697110817396,1598.6381526978162,0.8285040330603598,1.0,1.5876812696150917
2023-03-15,1315.4614284548343,68.24968908625985,3426.8601855314237,0,2,9.017014177375453,4.328770422174088,2339.206764748732,0.5805791744365615,0.8571428571428571,1.8034028354750906
2023-03-16,1206.8573438476171,43.25395122567599,2696.522685209544,1,2,8.47799100563035,3.641227865188547,1855.666612232757,0.6621717898943008,0.8571428571428571,1.6955982011260702
2023-03-17,1229.0071680409874,43.39350856340768,3945.7769424988915,1,1,7.189420192947356,4.015494788913655,1879.9097964921025,0.5412330761578908,0.8571428571428571,0.7189420192947356
2023-03-18,1271.2703466859457,79.46558314004702,4737.46805907606,1,3,7.721348710035684,3.9236463480297674,2463.2540937866506,0.30826429561784413,0.8571428571428571,2.316404613010705
2023-03-19,574.0446517340904,54.97083183024481,4702.274051627105,1,1,6.682659034199993,4.08609254842042,1398.6071291877624,0.5715288793733151,0.8571428571428571,0.6682659034199994
2023-03-20,858.4657285442727,54.825685882675636,2803.3574856165287,1,2,6.298519257348326,4.697516282336492,1680.8510167844072,1.0760901101732465,0.8571428571428571,1.2597038514696652
2023-03-21,615.8690595251297,72.5119826903001,1452.952183363021,1,4,9.130784162976596,4.057899001875297,1703.5487998796311,1.6203906976114368,0.8571428571428571,3.6523136651906385
2023-03-22,1363.1034258755935,77.88994309535434,4939.364795849338,1,4,7.061549636752778,4.177545228847524,2531.4525723059087,0.33325998879954466,1.0,2.824619854701111
2023-03-23,1123.298126827558,79.44004255291483,4355.592345783736,1,2,6.711065551404992,4.096072085727974,2314.8987651212806,0.4089394000177474,1.0,1.3422131102809984
2023-03-24,830.8980248526492,70.13512741035767,1498.6507248130674,1,2,8.766472222277278,3.6401119579629433,1882.9249360080144,1.17251270950682,1.0,1.7532944444554555
2023-03-25,563.5583502860236,55.05038342123663,4683.36753046949,1,4,8.472206697148744,4.161608237376176,1389.3141016045731,0.5919446034793026,1.0,3.3888826788594977
2023-03-26,810.9823217156622,43.340028667946754,4479.585448248514,1,1,8.532758504053856,3.7934139095667727,1461.0827517348635,0.5206578119285199,1.0,0.8532758504053856
2023-03-27,825.183322026747,71.08587663709747,3075.3522285042886,1,1,6.9155784193864545,3.780084943659562,1891.471471583209,0.6141128988645599,1.0,0.6915578419386454
2023-03-28,1229.6061783380642,62.3361699894322,3365.101742979717,1,2,6.9305821542507235,3.6410541566513994,2164.648728179547,0.438740204973574,1.0,1.3861164308501448
2023-03-29,1137.5574713552132,56.96888036987905,2596.010815480521,1,1,6.8832105191425565,4.035006461212647,1992.090676903399,0.7869442500497073,1.0,0.6883210519142556
2023-03-30,1387.2127425763265,76.25417540378945,1219.0465552881253,1,4,6.695010382649178,4.636222827184126,2531.025373633168,1.7269212930538065,1.0,2.678004153059671
2023-03-31,972.2149251619493,44.447899292246056,2340.7889665836037,1,1,8.622894690246625,3.914662535875094,1638.93341454564,0.972206018490806,1.0,0.8622894690246625
2023-04-01,619.5942459383017,59.705004171634364,4211.413794392046,1,2,9.392063540997606,3.9685236528282704,1515.1693085128172,0.5825488693564999,1.0,1.8784127081995212
2023-04-02,1213.244787222995,40.454145790696764,1018.5280920184115,1,4,8.897269878706645,4.464011986508636,1820.0569740834464,2.5958587034999487,1.0,3.558907951482658
2023-04-03,1260.7850486168975,58.74642567976505,2333.9966867645767,0,1,9.168374535042172,3.793761218880378,2141.9814338133733,0.7077044258176426,0.8571428571428571,0.9168374535042172
2023-04-04,1061.2771975694964,42.25213102727349,2592.6747743637734,1,3,7.619193716340799,4.845436895635301,1695.0591629785988,1.215107179584368,0.8571428571428571,2.2857581149022397
2023-04-05,1270.9671799545608,44.752716650722874,3149.5824117516913,1,4,8.616303181487993,4.280285784877332,1942.2579297154039,0.7423294740402097,0.8571428571428571,3.4465212725951972
2023-04-06,993.7955963643908,44.701049871084194,4679.422465651041,0,4,7.416944961779098,4.171404410480325,1664.3113444306537,0.5357697631391064,0.7142857142857143,2.9667779847116393
2023-04-07,1022.7328293819941,65.96841208464255,2385.383977463845,1,3,8.10201848787456,4.336730287893802,2012.2590106516323,0.974464194948422,0.7142857142857143,2.4306055463623677
2023-04-08,927.5410183585496,69.84179517061693,2387.812807584911,1,3,7.926539386139449,3.749051470124293,1975.1679459178035,0.7428905308538972,0.7142857142857143,2.377961815841835
2023-04-09,525.4191267440951,63.334750603886384,3950.0049924389937,1,4,6.707548580575418,4.420209707958764,1475.440385802391,0.7455102785422252,0.7142857142857143,2.683019432230167
2023-04-10,607.8914269933044,78.48690193898167,2808.8717635592284,0,3,7.548315041342523,4.044651104951016,1785.1949560780295,0.8043998940022608,0.7142857142857143,2.2644945124027567
2023-04-11,531.4291856867343,54.99482318094816,1898.419291759928,1,2,9.855289101929404,4.845779511446929,1356.3515334009567,1.838070226736424,0.7142857142857143,1.9710578203858808
2023-04-12,1136.4104112637804,51.42848345127443,2809.7580645307735,1,2,6.994321030859768,3.753281310016529,1907.8376630328967,0.6567980604023356,0.7142857142857143,1.3988642061719536
2023-04-13,814.3559810763267,74.7439651275784,1563.4280815191994,1,2,6.535214945117955,4.260576655798162,1935.5154579900027,1.4871558374139426,0.8571428571428571,1.307042989023591
2023-04-14,1008.5706911647028,48.9438335407781,1705.5479460248932,1,4,7.674322486495742,4.397168944053527,1742.7281942763743,1.5563565691388717,0.8571428571428571,3.0697289945982966
2023-04-15,1407.566473926093,78.52890157762445,2993.471090957919,1,3,9.161350943440592,3.550075402679572,2585.4999975904598,0.3222263973093676,0.8571428571428571,2.7484052830321777
2023-04-16,749.292229148875,40.48617898759265,2675.7017980181918,1,3,8.328592919119888,4.045539687134211,1356.5849139627649,1.0049530837715435,0.8571428571428571,2.4985778757359665
2023-04-17,910.3829230356298,78.79515306830555,4659.3836042724,0,1,8.723899308952978,4.59895285205125,2092.310219060213,0.5379773047002574,0.8571428571428571,0.8723899308952978
2023-04-18,1255.5511385430486,41.72639647802305,2449.5755964665323,0,1,6.758779392698709,4.73056626117346,1881.4470857133942,1.1631072662423108,0.7142857142857143,0.6758779392698708
2023-04-19,728.7981654916225,75.64572454792284,3322.3534011121737,1,3,8.475792772030886,3.9697429922259238,1863.4840337104652,0.6339659585311961,0.7142857142857143,2.5427378316092657
2023-04-20,576.979909828793,61.108044363451995,3529.0571516781215,1,3,7.2940015796458955,4.697889908574127,1493.600575280573,0.9079732051859416,0.7142857142857143,2.188200473893769
2023-04-21,789.751452913768,79.71859184477202,1052.3778263533345,1,3,9.33721346381907,4.951633815655083,1985.5303305853486,2.8184777470538123,0.7142857142857143,2.8011640391457213
2023-04-22,661.2212872540044,42.95186258941595,3654.1494880668424,1,4,8.517195224042945,4.785310904112642,1305.4992260952438,0.9522904548325759,0.7142857142857143,3.406878089617178
2023-04-23,1429.697652342573,62.15417137605283,1712.1438674790056,1,3,6.795425111101183,3.676465982238988,2362.0102229833656,0.7677250634265055,0.7142857142857143,2.038627533330355
2023-04-24,1308.120379564417,78.77210142476396,4844.281269877821,1,1,6.258466719376345,4.609595498128311,2489.7019009358764,0.43760745487140146,0.8571428571428571,0.6258466719376344
2023-04-25,1133.4037565104236,60.92391376680595,1594.6509110124518,1,4,6.170532837148131,3.979500248660817,2047.2624630125129,1.2116995464678328,1.0,2.468213134859252
2023-04-26,1371.4605901877176,65.1759455254105,2658.496494908095,1,3,7.485634270600563,4.982623984118115,2349.099773068875,0.9906066139614308,1.0,2.245690281180169
2023-04-27,1303.6720768991145,67.82994755938469,1341.3986723145754,1,1,7.063404546617254,4.228038474739831,2321.121290289885,1.4215886923158882,1.0,0.7063404546617253
2023-04-28,686.5700588860359,58.18164259071093,4987.497007383789,1,4,8.584360493850031,3.6836508475384115,1559.2946977467,0.4259363257053964,1.0,3.4337441975400127
2023-04-29,1392.5589984899777,65.10232320336254,3008.7800413249706,1,3,7.997335339914473,4.587778322041086,2369.093846540416,0.7374033478777108,1.0,2.399200601974342
2023-04-30,1039.3422419156507,63.372572476924006,3381.540069280175,1,3,7.064077112021523,3.984516797579321,1989.9308290695108,0.5898454336323733,1.0,2.119223133606457
2023-05-01,1307.4401551640626,76.04632041963956,1268.3059095537099,1,3,6.5969511118007045,4.995617235622492,2448.134961458656,2.008570846334889,1.0,1.9790853335402112
2023-05-02,1396.0912999234934,41.81785521365831,3999.841881596711,0,4,6.508799050749799,4.969673686781783,2023.359128128368,0.7366077574739691,0.8571428571428571,2.6035196202999193
2023-05-03,818.0034749718639,51.23852758368921,1839.6223723823432,1,1,9.45864156856167,4.4842010270308705,1586.581388727202,1.5751165466373405,0.8571428571428571,0.9458641568561671
2023-05-04,610.0519245276768,78.01645936306235,4592.217157762855,1,1,6.973911873619469,3.694739673427576,1780.298814973612,0.4168881376216545,0.8571428571428571,0.6973911873619469
2023-05-05,727.9351625419417,75.61055135563666,1820.5585619280287,1,2,8.606842591643874,4.530291496512543,1862.0934328764915,1.4655930984226873,0.8571428571428571,1.7213685183287748
2023-05-06,927.1077886262563,58.22627011142852,1762.7508826546664,1,3,9.242743711945065,3.639545729690041,1800.5018402976839,1.0432806515591102,0.8571428571428571,2.7728231135835193
2023-05-07,1318.014765922493,64.80530391206148,1146.1986713923795,1,2,8.456325244738945,3.5440462386535883,2290.0943246034153,1.0940092196467972,0.8571428571428571,1.691265048947789
2023-05-08,1360.7305832563434,51.0952473192453,2888.2677804399973,1,2,9.438260926587784,4.7344376693322285,2127.159293045023,0.9027135205205986,0.8571428571428571,1.8876521853175567
2023-05-09,506.9521305311907,47.52484638895045,3259.3645330504655,1,1,7.569574886113898,3.814629421525522,1219.8248263654475,0.7961075138568732,1.0,0.7569574886113898
2023-05-10,1010.7473025775657,58.547936197599284,1262.8345577134096,1,4,9.824888762595794,4.068540689328646,1888.966345541555,1.7259381527645277,1.0,3.9299555050383175
2023-05-11,917.411003148779,54.13408912104211,4102.110466780043,1,4,6.532580016712387,4.96018608496426,1729.4223399644106,0.787585749131676,1.0,2.613032006684955
2023-05-12,722.1078104707302,63.34624447403488,2813.1553389921105,1,1,6.408598118630152,4.005260752791655,1672.3014775812535,0.8293033956831717,1.0,0.6408598118630152
2023-05-13,619.8653673336828,43.10938547859939,3097.5610773103203,1,4,8.634768584829775,3.944734671924973,1266.5061495126738,0.8646249276665962,1.0,3.45390743393191
2023-05-14,837.615171403628,78.97579230664667,2763.0509877529125,1,2,9.771324565653046,4.877311999434163,2022.2520560033279,1.033299767570612,1.0,1.9542649131306091
2023-05-15,1442.909703912519,79.44842977918412,2603.052243501304,1,3,9.235533846545312,3.666122667978437,2634.636150600281,0.39626039775165184,1.0,2.7706601539635938
2023-05-16,823.2029320207553,67.9264685607898,3238.5613252328717,1,1,6.305667437752206,4.639373615171948,1842.0999604326023,0.8637395972541001,1.0,0.6305667437752206
2023-05-17,1018.790621743366,61.44385465376482,1620.96098372285,1,3,7.1174708557388655,4.982098349979161,1940.4484415498382,1.8764485629034613,1.0,2.1352412567216597
2023-05-18,1203.018958895178,52.381104651453114,1727.7125219810846,1,4,9.721275539351295,4.851944016161973,1988.7355286669747,1.6572250597639326,1.0,3.888510215740518
2023-05-19,863.629602379294,72.55180078827794,4447.142484054069,0,3,7.012233731203138,4.477501878059639,1951.9066142034633,0.5679141770051434,0.8571428571428571,2.1036701193609413
2023-05-20,1471.7820827209607,67.38924690215518,4784.461848534531,1,4,9.124681695147677,3.971091192489098,2482.6207862532883,0.31110508419911936,0.8571428571428571,3.649872678059071
2023-05-21,1462.4472949421113,46.504677573795654,2493.2372651190117,1,4,9.300528783714816,3.881482971767475,2160.017458549046,0.6904539480867486,0.8571428571428571,3.720211513485926
2023-05-22,751.7822958253641,76.4370873797537,2082.978692574215,1,2,7.981808413843927,4.728882657307192,1898.3386065216698,1.3588924653316738,0.8571428571428571,1.5963616827687854
2023-05-23,997.2485058923854,72.90148971692676,3575.998172956063,1,4,7.545395639393262,4.819732870927543,2090.7708516462867,0.7631329456260283,0.8571428571428571,3.018158255757305
2023-05-24,800.8783098167696,77.99199653167696,2634.9366843923854,1,2,7.800497729679039,4.2881523688185395,1970.758257791924,0.8794875887353648,0.8571428571428571,1.5600995459358078
2023-05-25,784.8404943774676,69.0287803355344,1101.5454226413794,1,2,6.907858777461456,3.8665099111796994,1820.2721994104836,1.857606295401394,0.8571428571428571,1.3815717554922913
2023-05-26,536.8869473545328,64.5366078374316,1624.6103894647613,1,2,9.557563664515378,3.6694148126167603,1504.936064916007,1.332306355872718,1.0,1.9115127329030757
2023-05-27,1109.564333979897,56.729721451624755,3863.8889153895902,1,1,7.802478626919031,3.630769201747747,1960.5101557542682,0.4322740851428098,1.0,0.7802478626919032
2023-05-28,1002.6790232288615,77.30913933416053,3635.6957676406055,1,1,9.5298377618244,4.5786161710307836,2162.3161132412697,0.6646045797604176,1.0,0.95298377618244
2023-05-29,551.4787512499894,74.64255558001634,1108.383970013934,1,4,6.422773919625096,4.130178091771588,1671.1170849502346,2.218600298586454,1.0,2.5691095678500386
2023-05-30,778.6464642366115,41.808746804247576,1887.8886477317978,1,2,9.953101084000526,4.8580398114168055,1405.777666300325,1.8286365296301759,1.0,1.9906202168001053
2023-05-31,1408.2658859666537,41.05467897989008,1924.2991863522857,1,1,7.773092349774473,4.609506951090145,2024.0860706650049,1.343564918990628,1.0,0.7773092349774473
2023-06-01,739.5618906669724,55.05853467512198,3687.5709743949137,1,2,6.191323281576421,3.7868906268718803,1565.439910793802,0.6024157179625788,1.0,1.2382646563152844
2023-06-02,644.8948720912231,72.4221332312733,1078.8421510174567,0,3,6.15208739294982,4.420666128223549,1731.2268705603226,2.49289412276561,0.8571428571428571,1.845626217884946
2023-06-03,989.452760277563,79.49104517259778,1416.4343279382954,1,3,8.984829029927354,4.153258181597239,2181.8184378665296,1.391832790864549,0.8571428571428571,2.695448708978206
2023-06-04,1485.6504541106005,46.01667564414113,4199.664341492758,1,3,8.636142136814723,4.36587459615292,2175.9005887727176,0.5214640574350716,0.8571428571428571,2.590842641044417
2023-06-05,742.0552715115005,63.7652286140854,1714.1786482173345,1,4,9.20852223251035,4.607103685007775,1698.5337007227815,1.6967717963992668,0.8571428571428571,3.6834088930041404
2023-06-06,1172.1355474058787,55.23563426524086,3610.984431407499,1,2,6.421470135811224,4.709293821505686,2000.6700613844916,0.7501067400241935,0.8571428571428571,1.2842940271622447
2023-06-07,1261.6196153287176,78.79657591258413,1952.731124186906,1,3,6.142283468142193,4.765605989610086,2443.5682540174794,1.1891231244442193,0.8571428571428571,1.842685040442658
2023-06-08,737.6375439923996,73.68475692542835,1397.7655710373806,1,1,8.034317157790314,3.880962311858037,1842.908897873825,1.4580795637079746,0.8571428571428571,0.8034317157790314
2023-06-09,1228.2163486118595,73.53314818844552,1972.6887639978163,1,3,7.550380925931078,3.5466733998760365,2331.213571438542,0.6161437377350215,1.0,2.265114277779323
2023-06-10,867.7831327192532,58.74772639179881,3889.067727422637,1,3,7.847787746683823,4.60894210274716,1748.9990285962353,0.7353801153898305,1.0,2.354336324005147
2023-06-11,1132.3058305935795,56.592780093506605,4422.785872425143,1,3,9.966353635481095,3.6595155893836617,1981.1975319961784,0.3794707918941625,1.0,2.9899060906443284
2023-06-12,1133.5297107608947,50.93628287722825,4320.879458267967,1,4,9.882999830682682,3.9723793829194514,1897.5739539193185,0.480181280000767,1.0,3.9531999322730726
2023-06-13,1035.7746840747586,42.25501986603709,2588.7341184738193,0,1,9.769261558692772,3.505725701186521,1669.599982065315,0.7092755126987271,0.8571428571428571,0.9769261558692772
2023-06-14,590.2897700544083,74.58889505020213,3672.3405462825845,1,2,9.135370707070695,4.52250422360243,1709.1231958074402,0.7661002546844145,0.8571428571428571,1.8270741414141392
2023-06-15,1335.3024955892379,72.51604036520311,1819.9371816632838,1,1,7.419365441027562,3.750698017206832,2423.0431010672846,0.7295059024653653,0.8571428571428571,0.7419365441027562
2023-06-16,820.7800649717358,79.98870693144522,2172.590921044053,1,2,7.648523721051086,4.482923614537487,2020.610668943414,1.1333532335718277,0.8571428571428571,1.5297047442102172
2023-06-17,686.5185103998542,79.86547348295622,4585.343274084479,1,4,8.198464174875697,4.987613925751758,1884.5006126441974,0.676746129487358,0.8571428571428571,3.279385669950279
2023-06-18,540.7751415547639,62.2172682241051,1052.0076940429442,1,4,9.32213782561936,3.6090063074150245,1474.0341649163404,2.0294263574193323,0.8571428571428571,3.7288551302477435
2023-06-19,1090.8929431882418,70.75949660722043,1342.0341234178723,0,4,6.274851330073071,3.615617017927191,2152.2853922965483,1.090383321926161,0.7142857142857143,2.5099405320292285
2023-06-20,1177.5643618422823,77.79062919529713,1831.5450205841094,0,4,7.6971875435395525,4.010570139000013,2344.423799771739,0.9096944494964762,0.7142857142857143,3.078875017415821
2023-06-21,516.5878289278562,73.98589562709645,1106.1288154952788,1,2,6.330470653837075,4.799579771377013,1626.376263334303,2.8687468074158082,0.7142857142857143,1.266094130767415
2023-06-22,1012.093058299281,49.8939240697279,1725.7417403591894,1,3,8.058630346294047,3.8232948031869975,1760.5019193451994,1.1953079858939124,0.7142857142857143,2.417589103888214
2023-06-23,726.495775197938,58.02176541240374,3332.166243878769,1,2,9.595603296024942,4.040566729895521,1596.822256383994,0.7333801181140694,0.7142857142857143,1.9191206592049883
2023-06-24,1145.1727904094498,45.1663766060598,2685.698202369992,1,1,9.129939698255752,3.6027581099404693,1822.6684395003467,0.662803314560543,0.7142857142857143,0.9129939698255752
2023-06-25,674.3664290049915,78.1620410903489,4570.686844307899,1,4,6.91136967017244,4.644732936888334,1846.797045360225,0.612147798970852,0.7142857142857143,2.764547868068976
2023-06-26,1190.937738102466,64.2469853780352,4269.774246953763,1,4,9.90396339839517,4.112459514139177,2154.642518772994,0.45852939338958526,0.8571428571428571,3.961585359358068
2023-06-27,886.7353463005375,49.145712220138506,2367.2694067915036,1,1,8.669401592185714,4.638873099591264,1623.921029602615,1.2735990510159076,1.0,0.8669401592185715
2023-06-28,1436.7299887367344,66.86802737623427,2037.69373372517,0,2,6.041710797589612,4.855411766520192,2439.7503993802484,1.1854879500089543,0.8571428571428571,1.2083421595179225
2023-06-29,637.5209441459932,64.72512961831583,2518.7696326690675,1,3,7.021653938740878,3.849144720651933,1608.3978884207309,0.889619599652211,0.8571428571428571,2.1064961816222634
2023-06-30,841.0663510502585,54.326508721313616,3361.179770059231,1,3,7.042853199679666,4.7110940455099275,1655.9639818699627,0.9089457490058994,0.8571428571428571,2.1128559599038996
2023-07-01,613.4735212405891,44.54230368798516,2072.2545632915053,1,1,6.27701722514344,3.58864083511738,1281.6080765603665,1.113296020394615,0.8571428571428571,0.627701722514344
2023-07-02,1424.6936182785628,66.86292782371198,3496.595631396536,1,3,9.839306072303716,4.8482710822703705,2427.6375356342423,0.6922829522810248,0.8571428571428571,2.9517918216911148
2023-07-03,1377.339353380981,60.812308036151734,2637.6466087649615,1,2,7.913021178303695,4.476152821338121,2289.523973923257,0.8290075100085981,0.8571428571428571,1.582604235660739
2023-07-04,757.9416277151556,70.89273566942558,3208.188723407921,1,2,9.583258389487527,4.811340086207528,1821.3326627565393,0.9319923736515201,0.8571428571428571,1.9166516778975056
2023-07-05,1159.984046034179,60.80654004447973,2744.5061165412667,1,1,7.288862013778513,3.5002825993348727,2072.0821467013748,0.5203852321646023,1.0,0.7288862013778513
2023-07-06,1317.2222002012159,74.08726001274161,2177.8630381676708,1,2,6.5009342817313085,3.7536216055339886,2428.53110039234,0.6084361054478908,1.0,1.3001868563462617
2023-07-07,1055.2008115994622,62.07627355097942,4793.813227848626,1,4,7.897344439624856,4.084639081139738,1986.3449148641535,0.43770878558346743,1.0,3.1589377758499424
2023-07-08,1029.6505783560065,62.437518861415455,4054.4231766390435,0,1,6.455826538857268,4.069254355062078,1966.2133612772382,0.5187028837794327,0.8571428571428571,0.6455826538857268
2023-07-09,741.8522909004516,75.06614410633381,1560.45270306581,1,2,7.94406201191016,3.840095574385266,1867.8444524954587,1.2638967640704135,0.8571428571428571,1.588812402382032
2023-07-10,593.1027678058992,56.13931464849588,4473.871903591651,1,1,9.68118872487763,4.0724179098008,1435.1924875333375,0.589472716049443,0.8571428571428571,0.9681188724877631
2023-07-11,1397.2157579533268,45.36060913802563,2949.7247929980545,0,3,8.08307256733685,3.6932730680003822,2077.6248950237114,0.5477284446372204,0.7142857142857143,2.4249217702010553
2023-07-12,1400.4180571633306,41.15130705253356,4578.208907576365,1,2,8.465998907580333,4.119141693899039,2017.687662951334,0.459012262955074,0.7142857142857143,1.6931997815160666
2023-07-13,1133.101457273268,70.20549022694476,4199.42102378926,0,4,6.626553747895233,4.703531493738897,2186.1838106774394,0.5994511311918853,0.5714285714285714,2.650621499158093
2023-07-14,839.0297910487006,64.8123820541386,2700.8540178769335,0,2,6.174942503519878,4.218605094655027,1811.2155218607795,0.8913438330467892,0.42857142857142855,1.2349885007039756
2023-07-15,849.2095746126608,68.16319072396894,1089.8772332804697,1,1,6.443231848719228,3.5270001334178227,1871.657435472195,1.518834091949181,0.5714285714285714,0.6443231848719229
2023-07-16,1225.9556788702394,48.518566460356425,2074.7094375397846,1,1,8.394126302737462,4.132166062368871,1953.7341757755858,1.0499937230615268,0.5714285714285714,0.8394126302737461
2023-07-17,1397.110259952577,45.45485902347079,3166.536858643468,1,2,6.380046795969219,3.5407625241362664,2078.933145304639,0.46164925408696156,0.5714285714285714,1.2760093591938437
2023-07-18,1387.0864242651173,40.58178662671528,3533.9128793045893,1,4,7.503971559765246,4.949365116060197,1995.8132236658466,0.8357738272754356,0.7142857142857143,3.0015886239060983
2023-07-19,1279.8755458576238,54.023502352263876,2031.5507417328092,1,4,8.200367761832624,3.6911809391343033,2090.228081141582,0.7880447311038806,0.7142857142857143,3.2801471047330493
2023-07-20,1142.0316461542877,63.59670747418532,1557.4242962912965,1,4,7.554611194519389,4.561532489495928,2095.9822582670677,1.5830947527273647,0.8571428571428571,3.0218444778077553
2023-07-21,584.1399649950488,55.68976180398929,4339.720947197196,1,1,6.654735205861206,4.959164484338128,1419.4863920548883,0.8156464748198469,1.0,0.6654735205861206
2023-07-22,661.6287140946138,57.498996880949164,4937.608722814209,1,2,7.095165230056426,4.739058577499858,1524.1136673088513,0.6511137456753837,1.0,1.4190330460112852
2023-07-23,1398.554188527079,76.16634777974994,3102.760729210743,1,3,9.713270131394308,4.5489730626893055,2541.049405223328,0.6471409923950976,1.0,2.9139810394182923
2023-07-24,1106.42905965959,53.930218680932015,1686.717143393214,1,1,8.703929102345421,4.7591913642511505,1915.3823398735701,1.6860023244066957,1.0,0.8703929102345421
2023-07-25,509.19705161662966,60.55957956639243,2089.2293060774755,0,4,7.984191354719546,4.9726980398909415,1417.590745112516,1.701635758428611,0.8571428571428571,3.1936765418878186
2023-07-26,601.4715428660321,71.34612050964571,1073.562706189867,1,2,6.050859559947574,4.432016745880294,1671.663350510718,2.5712083508994295,0.8571428571428571,1.2101719119895147
2023-07-27,1163.5017691080557,55.861711292850806,4657.195226241996,0,4,9.969661601957881,4.33877721024399,2001.4274385008177,0.5018792767313807,0.7142857142857143,3.9878646407831524
2023-07-28,505.0615838462187,64.88346800911494,1471.0043315605644,1,3,8.685819739578573,4.442357165694922,1478.3136039829428,2.014979492662319,0.7142857142857143,2.605745921873572
2023-07-29,660.8080514174986,74.4945483498698,3306.0659020570142,1,4,7.267689909379779,4.299013830142332,1778.2262766655458,0.7624734739583889,0.7142857142857143,2.907075963751912
2023-07-30,1048.7337893665863,77.98082494630569,2096.220882748824,1,4,9.517074639991353,4.4526336588645785,2218.4461635611715,1.0658168295574195,0.7142857142857143,3.8068298559965412
2023-07-31,1191.8951976926933,45.882939237161516,3216.7120100631737,1,3,7.033726481167273,4.174763311958839,1880.1392862501161,0.7133445638062135,0.7142857142857143,2.110117944350182
2023-08-01,1151.9612595026006,77.06350500645978,3605.6815534074567,1,2,8.176066316731006,3.8276647743249606,2307.913834599497,0.42148784278779744,0.8571428571428571,1.6352132633462013
2023-08-02,724.2693094605597,59.68465172318153,4318.967214828806,1,1,8.544283054919301,3.6803708397675132,1619.5390853082827,0.47715846218594576,0.8571428571428571,0.8544283054919302
2023-08-03,1212.179221347536,50.32977553195833,1825.6850870424128,1,2,6.884253485814914,3.6025114032983905,1967.125854326911,0.8957654091488385,1.0,1.3768506971629828
2023-08-04,737.2490874968,58.36543024953045,1043.983314633922,0,3,9.913589115202385,3.8949736756298003,1612.7305412397568,2.1860915805827066,0.8571428571428571,2.9740767345607155
2023-08-05,825.3996981592677,79.20130301141909,1547.542520275229,1,4,8.99276762391599,3.569185346503601,2013.419243330554,1.0053139624857321,0.8571428571428571,3.5971070495663957
2023-08-06,1246.491405118024,59.70472375971478,4600.07456739242,1,2,8.231252902044279,4.350756169879078,2142.062261513746,0.4801430663801922,0.8571428571428571,1.6462505804088559
2023-08-07,1149.6328990472148,53.150064411500324,4495.560310250061,1,1,6.722378392701204,3.9257426705352803,1946.8838652197196,0.4401806824398912,0.8571428571428571,0.6722378392701204
2023-08-08,1349.223410494178,65.33603417266903,3389.6524086812333,1,3,6.215432827992105,4.736802212130549,2329.2639230842133,0.710261111989062,0.8571428571428571,1.8646298483976316
2023-08-09,1157.6128923003434,49.60582475112773,3402.0674417346136,1,2,7.280239330083933,3.6113613094825796,1901.7002635672593,0.5025359065320629,0.8571428571428571,1.4560478660167866
2023-08-10,1068.3086033354716,43.03453312434656,3660.1466981850217,1,1,9.012749343653612,3.839527241512229,1713.8266002006699,0.5807692468626032,0.8571428571428571,0.9012749343653612
2023-08-11,593.6747678280925,45.15518887642597,1701.4851144937984,1,3,7.0773251932081,4.595369220635218,1271.002600974482,1.9538029403505854,1.0,2.1231975579624303
2023-08-12,867.7158030594335,45.1218335583109,4657.647783699839,0,1,8.15822488198202,4.398212444575237,1544.5433064340968,0.6126846147808767,0.8571428571428571,0.815822488198202
2023-08-13,765.2023676817255,46.07610774049177,2675.0820995682925,0,3,8.911788706922973,3.596736906873751,1456.343983789102,0.8001223302380395,0.7142857142857143,2.6735366120768917
2023-08-14,743.9896433790836,45.55308690597641,2532.55411299799,1,4,6.431774858585857,4.8158591857433,1427.2859469687296,1.3380062528114123,0.7142857142857143,2.572709943434343
2023-08-15,1473.0105547524456,65.63498979212858,3075.6708211313503,1,2,8.741192064463494,4.81589264423927,2457.5354016343745,0.7667781696278538,0.7142857142857143,1.7482384128926989
2023-08-16,893.0977246667604,47.275203375965795,1187.8638671002202,1,1,6.367483550840179,3.9956120058136606,1602.2257753062472,2.014865757597359,0.7142857142857143,0.6367483550840178
2023-08-17,1392.0465551771133,53.826691332954525,1665.1334750243177,1,3,9.860518968507986,4.010608765024347,2199.4469251714313,1.0876976933194296,0.7142857142857143,2.958155690552396
2023-08-18,1131.1386259972628,75.87153639624047,3952.134465705482,1,1,7.953576520259759,4.983542537525261,2269.2116719408696,0.6868012435148422,0.7142857142857143,0.7953576520259759
2023-08-19,1294.8113035416484,58.95846561051489,1331.1946717005058,1,1,6.602704430839509,4.439264257389707,2179.188287699372,1.6977802103153332,0.8571428571428571,0.6602704430839509
2023-08-20,1002.6370931051921,66.70230954084109,3412.608437865553,1,2,7.369534544134186,4.296974780852088,2003.1717362178083,0.6721553575214626,1.0,1.4739069088268373
2023-08-21,1076.903884626359,46.89279484806519,1981.3964387252838,1,4,7.653665797181046,4.757228275327886,1780.295807347337,1.5024416163257746,1.0,3.0614663188724185
2023-08-22,992.5176938188639,47.69156075234683,2557.182456167906,1,1,9.032740044306149,3.9279355075359748,1707.8911051040664,0.8681603446313255,1.0,0.9032740044306149
2023-08-23,695.2429877980445,41.63474465065916,2154.7749470827994,1,3,8.973695144306436,4.143773890094535,1319.7641575579319,1.310582219437735,1.0,2.6921085432919307
2023-08-24,1222.4521152615052,46.75740252288658,2422.6908658597968,1,3,8.447762021349323,3.9016650132325013,1923.8131531048039,0.8163863941534163,1.0,2.534328606404797
2023-08-25,780.7723624408558,51.14361356127834,3876.183620736982,1,4,6.423722850233972,4.683741269883097,1547.926565860031,0.8089953962054179,1.0,2.5694891400935886
2023-08-26,524.3159664314538,47.08041937106987,2188.4868624927003,1,3,6.606277486350694,4.360024018452827,1230.522256997502,1.4299842576577326,1.0,1.9818832459052083
2023-08-27,1145.4722959071678,43.548101350282224,3265.618561187589,1,4,6.3750276825822265,4.488237605210106,1798.6938161614012,0.8235939803302116,1.0,2.5500110730328904
2023-08-28,677.1106794070489,44.82543484402403,2904.2016087963984,1,3,8.3086911331502,3.87846087475911,1349.4922020674094,0.8707965263264876,1.0,2.49260733994506
2023-08-29,1440.4585843529144,58.43115072130903,3654.6846614505926,1,2,9.508553766045615,3.830337952065973,2316.92584517255,0.4141019669512963,1.0,1.901710753209123
2023-08-30,1453.9285770025874,48.2533487362317,4747.318957299032,1,1,7.735202049019087,4.232561943474408,2177.728808046063,0.4328407578911518,1.0,0.7735202049019086
2023-08-31,1414.8643902204485,54.57079444192302,3930.288388841001,1,2,6.643392695830984,4.60634862363924,2233.4263068492937,0.6037527229623206,1.0,1.3286785391661968
2023-09-01,870.1587002554444,60.136690834194276,1859.761514363027,0,1,8.232169300595867,4.28785963628024,1772.2090627683585,1.3526737455761895,0.8571428571428571,0.8232169300595867
2023-09-02,515.4566165288675,67.61579314517462,1124.7325402451388,0,1,9.247008867462839,3.548968516318503,1529.6935137064868,1.7953379406733527,0.7142857142857143,0.9247008867462838
2023-09-03,1428.3185625877254,41.57248559364396,2049.0561771993002,1,1,8.96684824605172,4.802827259480433,2051.9058464923846,1.3425309874852112,0.7142857142857143,0.896684824605172
2023-09-04,928.1841483173143,71.9764159563617,3380.311722801019,1,2,9.525803118700086,3.5970303402726973,2007.83038766274,0.4701341423308447,0.7142857142857143,1.9051606237400172
2023-09-05,1466.6548190436697,65.11601557963631,1205.7032539370014,1,1,7.111608388995471,4.933736725581128,2443.3950527382144,2.0654681528901597,0.7142857142857143,0.7111608388995471
2023-09-06,1463.6199770892529,43.270361277954876,2985.4649888049453,1,2,6.7758154690711,3.5377129374159093,2112.6753962585763,0.47732515588057955,0.7142857142857143,1.35516309381422
2023-09-07,1353.00945546736,74.94314496427108,3387.371395667557,1,4,9.519265943767754,4.541675684196063,2477.1566299314263,0.6094752576895329,0.7142857142857143,3.8077063775071016
2023-09-08,794.4488920695857,76.83489602127253,2336.9755632678434,1,3,8.630241251112093,3.6233105955676725,1946.9723323886737,0.7173109935454091,0.8571428571428571,2.589072375333628
2023-09-09,885.0977286019253,42.44311839419455,4083.6488149832876,1,3,7.243715720030217,4.86601486915271,1521.7445045148434,0.8189417151561679,1.0,2.173114716009065
2023-09-10,1351.136671516857,51.07510592588815,1426.393012535087,1,1,8.969392202290036,4.196649854338315,2117.263260405179,1.4577935924107635,1.0,0.8969392202290036
2023-09-11,816.9220051562777,72.24805119172245,1300.551126943235,1,2,9.260473537921472,3.706285662225523,1900.6427730321145,1.3883674788220912,1.0,1.8520947075842944
2023-09-12,669.4927466860925,69.93038761534633,3912.7550248144134,0,3,8.45991296136453,4.01122354968477,1718.4485609162875,0.5859745816510021,0.8571428571428571,2.537973888409359
2023-09-13,1056.8012624583503,47.38084077425509,2981.965264824794,1,2,8.751536439519661,3.747237013020143,1767.5138740721766,0.663898792618661,0.8571428571428571,1.7503072879039323
2023-09-14,1436.154774160781,48.37397293346841,3753.609585710944,1,2,7.501039617770665,3.755872867335635,2161.764368162807,0.4246868148571449,0.8571428571428571,1.500207923554133
2023-09-15,1196.029796674973,54.81888411165528,2739.309354414985,1,1,8.154782669372157,4.922162480257163,2018.3130583498023,1.0600662598502006,0.8571428571428571,0.8154782669372157
2023-09-16,1070.061170089365,59.38091940764085,1985.6081329564272,1,3,8.096636682904649,4.167869168427182,1960.774961203978,1.1115457126663757,0.8571428571428571,2.4289910048713947
2023-09-17,597.1764937707685,64.73019086121184,4276.409270696799,1,1,9.392191164523087,4.6832033958580395,1568.129356688946,0.728432159315173,0.8571428571428571,0.9392191164523087
2023-09-18,1115.0072266991697,54.75654558279089,4197.663515875916,1,1,9.35985592112873,4.4594083417665225,1936.3554104410332,0.6010612622434102,0.8571428571428571,0.935985592112873
2023-09-19,1490.0538501042633,58.50138864532592,3778.785883417707,1,3,9.330721877388173,4.514639543507588,2367.574679784152,0.5681890771174186,1.0,2.799216563216452
2023-09-20,640.084015236524,69.89883752535026,2088.580548919851,1,3,6.044126457049863,3.6975401577080578,1688.566578116778,0.9618846544512055,1.0,1.813237937114959
2023-09-21,1018.3296523637367,41.467328115623914,3360.9226674763486,1,4,8.998181937875554,3.8512766702232284,1640.3395740980955,0.6578363487861155,1.0,3.5992727751502214
2023-09-22,1377.3730719279556,50.09747777376083,2443.8955877601074,1,4,9.034705560444019,4.680125502731656,2128.835238534368,1.0439440526735475,1.0,3.6138822241776074
2023-09-23,1240.7686177542046,68.5339834353821,1366.3282933065366,1,2,8.713515291420567,4.956149309712174,2268.778369284936,1.9668559551846478,1.0,1.7427030582841134
2023-09-24,1197.015740995268,75.80827350748797,4669.2543018489705,1,3,9.02505863156581,3.8940134638979775,2334.139843607588,0.33407339147767084,1.0,2.707517589469743
2023-09-25,1202.4840839871092,60.467097684626644,1547.2745236758456,1,4,9.367881485986835,3.90735314712656,2109.490549256509,1.1619545015185062,1.0,3.747152594394734
2023-09-26,859.4911512197552,61.284539410612624,4800.94941528321,1,2,7.881276216407143,4.209345699216358,1778.7592423789447,0.5062720405051448,1.0,1.5762552432814285
2023-09-27,793.5918442644934,44.28688045359104,2784.023091831823,1,2,8.008200853953788,4.9757604692831565,1457.895051068359,1.2635906033021167,1.0,1.6016401707907577
2023-09-28,1309.3611554785136,57.89649467293819,1740.5317153544786,1,2,6.498856227645562,3.9034384187397064,2177.8085755725865,0.9914383219473114,1.0,1.2997712455291124
2023-09-29,1310.1133946791806,61.304690658200926,3167.6037895134327,1,4,7.541503532189447,4.110457864451396,2229.6837545521944,0.5937529548757429,1.0,3.0166014128757785
2023-09-30,1367.0723185801037,49.698820145389185,4491.783343505633,1,3,8.573460719647137,4.83722002343526,2112.5546207609414,0.6065887854127535,1.0,2.5720382158941413
2023-10-01,1413.2405525564714,50.76972923797524,3928.899545638245,1,1,9.121599104589098,3.504381548932043,2174.7864911261,0.33841411376425296,1.0,0.9121599104589098
2023-10-02,1011.3423988609378,55.091366524184906,4226.2445914457985,1,2,6.868836390764843,3.559648947482854,1837.7128967237113,0.40743880613167927,1.0,1.3737672781529686
2023-10-03,1001.5162946871997,40.802847911109055,3635.1334668428694,1,4,6.551291596636942,4.406107515606829,1613.5590133538353,0.7682107212086315,1.0,2.6205166386547765
2023-10-04,1298.2951789667752,52.88316662332713,3769.1062580714097,1,4,8.65216801800197,4.861070247069271,2091.542678316682,0.7347968932480323,1.0,3.4608672072007876
2023-10-05,1149.9639307777652,48.45792027986178,4396.782606261277,1,1,6.007519534099643,3.8582849906028915,1876.832734975692,0.4506595920402103,1.0,0.6007519534099643
2023-10-06,1201.9668772577033,53.09989408711658,1998.6720354367437,1,1,6.713490337229319,4.204462662021063,1998.465288564452,1.103731544917805,1.0,0.671349033722932
2023-10-07,1295.792669436101,44.79048527277005,2957.699854572562,1,4,6.116285521375815,4.175697952486727,1967.6499485276518,0.746542283709236,1.0,2.446514208550326
2023-10-08,1390.0053418175662,75.6210912295958,1884.837767278409,1,3,6.667540471419484,4.209457019143265,2524.3217102615035,0.8940479324727211,1.0,2.000262141425845
2023-10-09,837.9951568515357,63.743698142161946,4950.672031986588,1,1,6.725277119702021,4.433779543594618,1794.150628983965,0.5331859791066449,1.0,0.6725277119702021
2023-10-10,875.5829526399441,67.16409276577959,4776.2373587464535,1,4,7.550694379001577,4.204615644486026,1883.044344126638,0.4860669866224353,1.0,3.0202777516006307
2023-10-11,593.981939840869,71.56684954429353,1157.7072454740237,1,1,7.609308498746223,4.171202211983687,1667.484683005272,2.1626516882973004,1.0,0.7609308498746223
2023-10-12,1078.280140996174,59.93768795716229,3822.300690062754,1,3,9.497049882440951,4.2114326306468906,1977.3454603536084,0.5844875512022062,1.0,2.8491149647322853
2023-10-13,535.942273796742,43.47681152349695,4700.993269662664,1,2,8.0404388499953,4.386301161906562,1188.0944466491962,0.6803257379449226,1.0,1.6080877699990601
2023-10-14,965.5980181324601,61.48426167274191,1722.3013805093342,1,1,8.893619062449146,4.305511232527038,1887.8619432235887,1.4037318419779006,1.0,0.8893619062449145
2023-10-15,1042.6446347075766,63.47364472083517,3271.780922210518,1,3,6.416549431681149,4.781203996475757,1994.7493055201041,0.851662980256342,1.0,1.9249648295043449
2023-10-16,786.5412521282844,69.81757896737321,4661.953190352167,1,4,6.901755021854775,3.5742452802405,1833.8049366388825,0.3733285754999491,1.0,2.76070200874191
2023-10-17,1090.8332605690107,57.26638184918718,1135.7839143431954,1,1,8.811773763914708,4.749975607209519,1949.8289883068182,2.4653867549462327,1.0,0.8811773763914708
2023-10-18,530.5002499390495,45.10321211182255,3789.6810689873596,1,1,6.211215841874113,4.765886918917586,1207.0484316163877,0.9390865411933346,1.0,0.6211215841874113
2023-10-19,537.3481887492144,51.35103623194898,2189.396029490203,1,4,7.9463906489750125,3.927362032296441,1307.613732228449,1.1965620951080267,1.0,3.178556259590005
2023-10-20,1322.6005606596582,54.5232918559454,4697.5847815061215,1,2,8.397475862651735,4.194277932523776,2140.4499384988394,0.43720935109263664,1.0,1.679495172530347
2023-10-21,860.190641411263,65.83668965326405,4884.232980661471,1,4,8.408582576209923,4.157807732806154,1847.7409862102236,0.4729640776233156,1.0,3.3634330304839692
2023-10-22,627.0605126518848,62.83113218675648,4777.065956453735,1,1,6.091731245072168,3.8277647515311957,1569.527495453232,0.47272473871270776,1.0,0.6091731245072168
2023-10-23,1022.2432600548044,54.243869035913846,2896.856866629855,1,4,7.288432016916742,4.095195270629475,1835.9012955935123,0.7799121872612158,1.0,2.9153728067666966
2023-10-24,1269.9935530986108,79.46060995171919,4448.170603957254,0,3,8.545962604196616,3.5665816582562817,2461.902702374399,0.24834455650129975,0.8571428571428571,2.5637887812589844
2023-10-25,715.8210274968432,64.23099277427548,4378.197594140282,1,4,6.595998944596974,3.9167331091726014,1679.2859191109753,0.5110429901693323,0.8571428571428571,2.6383995778387894
2023-10-26,1122.8904758190001,49.48907166943978,2276.4018929730228,1,1,8.781662593312213,4.725023263176077,1865.226550860597,1.2562793596083917,0.8571428571428571,0.8781662593312213
2023-10-27,585.347464993768,44.071298904816146,4315.661896602709,1,4,8.983700835254698,3.9268434526443463,1246.4169485660102,0.6210927937122157,0.8571428571428571,3.593480334101879
2023-10-28,551.6817211686077,46.114365567373284,1148.0305388619704,1,2,9.927876761784582,4.727310003122371,1243.3972046792069,3.034686517918528,0.8571428571428571,1.9855753523569164
2023-10-29,1031.3546315681479,49.83830913538033,3385.0795139282122,1,4,6.839367979425638,4.297399196906646,1778.9292685988528,0.743991365031552,0.8571428571428571,2.735747191770255
2023-10-30,1040.6351216101066,46.427254930382226,1920.0353491508122,1,2,9.30052267066446,4.81979401604174,1737.04394556584,1.6055694348749,0.8571428571428571,1.860104534132892
2023-10-31,1137.4299014982066,47.46268096205223,1482.2675431091152,1,3,8.081186307674617,4.362169331396623,1849.3701159289901,1.695239990344075,1.0,2.424355892302385
2023-11-01,1226.0913337226616,51.40380674775388,1307.8128065168366,1,2,7.493850384576694,3.5445023345971096,1997.1484349389698,1.1831616053518277,1.0,1.498770076915339
2023-11-02,1475.8520794625347,46.93494381179019,3785.155103512559,1,4,6.489507029300712,4.513130311320634,2179.8762366393876,0.6164223158295484,1.0,2.5958028117202847
2023-11-03,1016.3003483011953,75.87061698505701,2359.499855072265,1,1,8.94202242595015,3.567280352035353,2154.3596030770505,0.5988221384802878,1.0,0.8942022425950149
2023-11-04,822.9564729412459,43.20934982646569,3899.0670861150456,0,2,6.943430396574748,4.175895528474701,1471.0967203382313,0.6937040959793995,0.8571428571428571,1.3886860793149496
2023-11-05,1295.1861947687037,60.98045558281019,1261.4253631957695,1,3,7.4856880074921825,4.8941400417096705,2209.8930285108563,2.1279475516477517,0.8571428571428571,2.245706402247655
2023-11-06,770.8322512620742,56.41587307958646,2261.161351322441,1,2,6.250168907589474,3.7478059090067752,1617.0703474558711,0.9423191141599615,0.8571428571428571,1.2500337815178948
2023-11-07,938.9714207056361,79.29514467634425,3157.965169501349,1,2,9.205467663278077,4.084808529412316,2128.3985908508,0.6195159963941081,0.8571428571428571,1.8410935326556153
2023-11-08,578.456381342266,44.481556086722094,4162.8926593558535,1,2,9.066354095886574,4.594790463272718,1245.6797226430974,0.8045152769199305,0.8571428571428571,1.8132708191773148
2023-11-09,525.3507434154575,55.91422396182966,2275.0100117282796,1,3,8.93446332016925,4.823387834142271,1364.0641028429025,1.5205751682259148,0.8571428571428571,2.680338996050775
2023-11-10,1462.648414677925,78.77881733101475,3503.5655057480362,1,4,7.197774041967547,4.506414507113762,2644.3306746431463,0.5314825224234098,0.8571428571428571,2.8791096167870185
2023-11-11,1335.9801205122058,74.62028503575921,4543.910992944749,1,2,6.693920297063829,3.887259881286754,2455.284396048594,0.3151416230338938,1.0,1.3387840594127658
2023-11-12,1195.9742060936978,72.68288283797119,3463.4527527292184,1,2,8.550213057880919,4.511911779374325,2286.2174486632657,0.6426229804801582,1.0,1.7100426115761838
2023-11-13,908.95294441427,50.316113081797596,1931.8378990145352,1,1,7.984665536452878,3.9450914616561352,1663.694640641234,1.1809463010217796,1.0,0.7984665536452878
2023-11-14,673.2943200708457,46.83550349560263,1097.6031262261522,1,3,6.713009867618567,4.577643844728103,1375.8268725048852,2.9170989911735266,1.0,2.01390296028557
2023-11-15,656.437042671086,66.74572879697723,4480.39549560372,0,2,8.743645084199455,4.931049691377561,1657.6229746257445,0.7306111078729073,0.8571428571428571,1.748729016839891
2023-11-16,750.2428981645953,77.17503956510343,1085.0776434015486,1,3,9.964505727285214,4.582090176659433,1907.8684916411469,2.4645440824262304,0.8571428571428571,2.9893517181855644
2023-11-17,1049.2266647061206,62.27051572055719,4498.8066907367975,1,2,8.98887835096815,4.794320754368618,1983.2844005144784,0.6248404403865949,0.8571428571428571,1.79777567019363
2023-11-18,1214.5959227000624,62.864507578795994,3115.748536108848,0,4,8.959945546742446,3.503155764763825,2157.5635363820024,0.43186804480129415,0.7142857142857143,3.5839782186969784
2023-11-19,1160.1973767177312,51.199163746411365,4756.270794051585,1,4,9.801251011722368,4.576358187097392,1928.1848329139016,0.5567751435631925,0.7142857142857143,3.920500404688947
2023-11-20,779.9338969459428,70.77971732767747,4195.132943094662,1,2,6.811745470299609,4.744381335297875,1841.629656861105,0.6919331801426705,0.7142857142857143,1.3623490940599219
2023-11-21,1454.865280663194,47.48174994230094,4991.73644213335,1,4,8.262199859685762,3.5608381063170222,2167.091529797708,0.2792107701751297,0.7142857142857143,3.3048799438743046
2023-11-22,1237.8969166957686,52.947169456169746,2402.847261806841,1,2,9.918586860135534,4.8073965909323455,2032.1044585383147,1.1550014753360256,0.8571428571428571,1.9837173720271069
2023-11-23,1054.3540525114008,57.01745754465667,4068.7531557245075,1,4,6.661176443880699,3.885041342465069,1909.615915681251,0.48551124906766707,0.8571428571428571,2.6644705775522795
2023-11-24,1111.7207462343522,60.3044151473782,2607.723654436969,0,1,8.801007837778084,4.497938152967083,2016.286973445025,0.9516542043477642,0.7142857142857143,0.8801007837778083
2023-11-25,919.6000624277899,49.69638929660321,2919.5024812156353,1,1,8.343240583887608,4.70053231853511,1665.045901876838,1.0397272946979454,0.8571428571428571,0.8343240583887608
2023-11-26,747.7309895011574,44.59347298956814,3510.0218528734804,1,1,8.345916368754828,4.4939967695890335,1416.6330843446794,0.8767363322040487,0.8571428571428571,0.8345916368754829
2023-11-27,855.9726786512615,64.4248016976653,4494.708456745355,1,3,8.7906825100803,3.638427188109886,1822.344704116241,0.4040490059523641,0.8571428571428571,2.63720475302409
2023-11-28,1257.846110464369,51.54522212961023,4936.33387679718,0,3,9.718467691502736,4.394482278290552,2031.0244424085226,0.47878808339753176,0.7142857142857143,2.915540307450821
2023-11-29,514.3934886297559,63.24952885690449,4073.0936554580726,1,1,9.130327759405352,4.324375485083215,1463.1364214833234,0.7024731827037031,0.7142857142857143,0.9130327759405352
2023-11-30,616.0726405069163,46.17450861096809,2671.067128669335,1,3,6.22454441366484,4.850481902111407,1308.6902696714376,1.325983759234239,0.7142857142857143,1.8673633240994518
2023-12-01,546.0026420217528,59.2456040741927,2685.428009108281,1,4,9.410912079502845,4.106359594466314,1434.6867031346433,0.9948778676136703,0.8571428571428571,3.764364831801138
2023-12-02,540.7288023189701,61.30357730206343,3950.329206355566,1,2,6.902165319702931,3.9816216456305753,1460.2824618499217,0.63826052262281,0.8571428571428571,1.3804330639405862
2023-12-03,1355.460584011007,42.07294147289708,1955.1085830732095,1,2,7.507656658945487,4.6247761466547,1986.554706104463,1.3493989353794618,0.8571428571428571,1.5015313317890975
2023-12-04,1203.6578593800236,53.46417112775683,1441.8964525255788,1,2,7.846931254449529,4.119012989125095,2005.620426296376,1.4657034207463164,0.8571428571428571,1.5693862508899057
2023-12-05,974.1738290873252,45.376587077558966,2418.488630563106,1,1,7.923624003012279,4.469144262507594,1654.8226352507097,1.1636695710252791,1.0,0.7923624003012278
2023-12-06,597.8341606510015,42.53499881891071,2148.955966616327,1,3,7.740721597021427,4.46967513518691,1235.859142934662,1.504831202913899,1.0,2.322216479106428
2023-12-07,991.6158751168323,79.5984092955978,2185.2324818239604,0,4,9.749413176863458,4.832058596540177,2185.5920145507994,1.2110686638615387,0.8571428571428571,3.899765270745383
2023-12-08,973.4717707805657,52.89415379898892,1934.4310041996398,1,4,8.824076030656098,4.398038603478646,1766.8840777653995,1.3601697450056496,0.8571428571428571,3.5296304122624393
2023-12-09,673.2018699100151,72.3949778341854,1168.3727585454476,1,1,8.524682583826825,4.25323041494298,1759.1265374227962,2.1346816410074387,0.8571428571428571,0.8524682583826826
2023-12-10,933.8516492379731,50.18562619055055,1071.4957389336553,1,4,6.199368111131767,3.7083069895947753,1686.6360420962314,1.8867746030520811,0.8571428571428571,2.4797472444527067
2023-12-11,898.5047343973735,67.26010888895718,4950.889558944126,1,4,9.6156533210415,3.673606410018058,1907.4063677317313,0.3567439792906637,0.8571428571428571,3.8462613284166
2023-12-12,1115.8500980522165,70.40911439558747,2711.092534943449,1,4,9.637560768033584,3.731482347924619,2171.986813986028,0.5752277039009739,0.8571428571428571,3.8550243072134336
2023-12-13,1135.0936508676436,63.82554962431377,2537.3065886387267,0,4,9.12085225372041,3.7577727219906416,2092.47689523235,0.6563242432802446,0.7142857142857143,3.648340901488164
2023-12-14,545.3040097720445,58.863047542006335,3718.5891307722795,1,3,6.028116815254476,4.456815638995451,1428.2497229021396,0.8144395117576049,0.8571428571428571,1.8084350445763426
2023-12-15,874.6126146264712,56.47363656589074,1873.0155514602566,1,4,6.229121004310493,4.611471875411867,1721.7171631148324,1.5428354078769393,0.8571428571428571,2.4916484017241975
2023-12-16,1125.8599157142364,53.95473066171981,4799.844735800902,1,2,6.900894809073959,4.294987284389628,1935.1808756400335,0.49164223816415553,0.8571428571428571,1.3801789618147917
2023-12-17,1003.1362585800878,77.18116576991304,4145.380057662209,1,1,6.525397632579627,4.743526598818237,2160.853745128783,0.6230243832325365,0.8571428571428571,0.6525397632579627
2023-12-18,1356.4898411883223,73.22477631150917,1357.644009249038,1,3,7.595344118814918,4.98689484010045,2454.86148586096,1.8650200914156057,0.8571428571428571,2.2786032356444754
2023-12-19,1158.693631618945,78.60107642666051,2670.3231031397136,1,4,9.690492232351158,4.730018943679034,2337.7097780188524,0.8958875286842074,0.8571428571428571,3.876196892940463
2023-12-20,662.9344270814297,44.97188893942179,4516.473230248659,1,3,7.888241736787993,4.542323560513939,1337.5127611727567,0.7095825959683012,1.0,2.366472521036398
2023-12-21,570.5687474004299,69.23469900814577,4778.928089165642,1,4,6.053610505728662,4.29873904915572,1609.0892325226164,0.5628144568090148,1.0,2.421444202291465
2023-12-22,1142.4192782063155,77.53361827284152,2869.606044999479,1,2,7.130982758315048,4.173279607512063,2305.4235522989384,0.6509102733694109,1.0,1.4261965516630095
2023-12-23,526.5113105416218,47.2493226466264,3453.645556842831,1,1,6.178379633491846,3.6265885708168133,1235.251150241018,0.6924096237489552,1.0,0.6178379633491846
2023-12-24,1085.7755812734633,42.6598506946711,1668.1357843683008,1,4,6.145150490454009,4.099053122592037,1725.67334169353,1.4227737352911423,1.0,2.4580601961816035
2023-12-25,1440.2302414249575,69.64482597160236,4964.674504547906,1,4,7.102879412382209,4.865201955173202,2484.902630998993,0.47944720685993175,1.0,2.8411517649528837
2023-12-26,1075.474177875879,62.978924527196476,1926.6868055337736,0,4,7.102449354715782,4.712033944859829,2020.158045783826,1.3971528176476198,0.8571428571428571,2.8409797418863127
2023-12-27,888.169926206522,73.67315107033087,4770.927096540503,1,4,9.148506410406416,3.8240770475175307,1993.267192261485,0.38374299548270263,0.8571428571428571,3.6594025641625665
2023-12-28,1143.2882184423531,45.59089506505158,3598.586595969474,1,1,9.899338611124447,4.199911677045824,1827.151644418127,0.6593588814245183,0.8571428571428571,0.9899338611124447
2023-12-29,958.2528904915166,71.81069247439561,3430.9471795154363,1,1,7.484828375559993,4.725084803837817,2035.4132776074507,0.7839443120223835,0.8571428571428571,0.7484828375559993
2023-12-30,1045.616789315935,48.065092801909785,3050.7540440660346,1,2,7.715547515444154,3.6010768321782836,1766.5931813445818,0.6013213862329944,0.8571428571428571,1.5431095030888309
2023-12-31,1441.4648087765252,46.54623771462818,1922.6792468710346,1,1,9.379157745144086,4.081088878502989,2139.658374495948,1.0097526704813202,0.8571428571428571,0.9379157745144087
