BM Cycle Name,Business Group ID,Business Group Name,Biz Expenses Business Exit,Biz Revenue Business Exit,Biz Inventory Business Exit,Biz Cash Business Exit,Biz Input Business Exit,# Of BOs dropped Business Exit,Group Size at PR,PR Grant Value Business Exit,PR Grant Used Business Exit
FY24C1 Albert Atama,88282,Amen,1241000,2806000,1000000,1050000,2265000,0,3,240000,240000
FY24C1 Albert Atama,88278,Iyete,2345500,3586500,302000,200000,1674000,0,3,240000,240000
FY24C1 Albert Atama,88280,Loketa,528000,1611000,301000,500000,1915000,0,3,240000,240000
FY24C1 Albert Atama,88279,Yenet,1850000,2196000,150000,590000,315000,0,3,240000,240000
FY24C1 Albert Atama,88276,Grace,1190000,2804000,460000,305000,595000,0,3,240000,240000
FY24C1 Albert Atama,88277,Salam,921200,1038000,307000,300000,865000,0,3,240000,240000
FY24C1 Albert Atama,88281,Hope,2740000,3209000,400000,620000,1225000,0,3,240000,240000
FY24C1 Albert Atama,88283,Pure,742000,1773000,370000,200000,220000,0,3,240000,240000
FY24C1 Albert Atama,88284,God With Us,3505500,4650300,265000,680000,1920000,0,3,240000,240000
FY24C1 Albert Atama,88285,Happy,638000,1721000,355000,540000,315000,0,3,240000,240000
FY24C1 Albert Atama,88286,Peace,1228500,2114500,274000,230000,880000,0,3,240000,240000
FY24C1 Albert Atama,89066,Joyful,677100,1482900,204000,502000,1950000,0,3,240000,240000
FY24C1 Albert Atama,89067,Morijita,841000,2146000,250000,600000,607000,0,3,240000,240000
FY24C1 Albert Atama,89068,Asanty,1924500,2986000,2220000,206000,589000,0,3,240000,240000
FY24C1 Albert Atama,89069,Ateki Luak,540000,1716000,390000,551000,810000,0,3,240000,240000
FY24C1 Albert Atama,89070,Alafi,1610000,3116000,352000,800000,2565000,0,3,240000,240000
FY24C1 Albert Atama,89071,God Bless,1100000,1486000,0,0,2565000,0,3,240000,240000
FY24C1 Albert Atama,89072,Nyolanita,785000,1364000,922000,130000,575000,0,3,240000,240000
FY24C1 Albert Atama,89073,Rubanga Twero,781000,1311000,250000,340000,1242000,0,3,240000,240000
FY24C1 Albert Atama,89074,Harmony,958000,1484000,105000,550000,1401000,0,3,240000,240000
FY24C1 Annet Eyotaru,88670,Asante,491500,9182500,615200,380000,607000,0,3,240000,240000
FY24C1 Annet Eyotaru,88651,Ama Nda Nyazu,765000,12000000,1100000,750000,1740000,0,2,240000,240000
FY24C1 Annet Eyotaru,88652,Embaasi,1110200,8506000,174000,2700000,710000,0,2,240000,240000
FY24C1 Annet Eyotaru,88653,Onyaruku,1232500,9391000,610000,1250000,341000,0,2,240000,240000
FY24C1 Annet Eyotaru,88654,Asianzu,662100,6781500,500000,700000,543000,0,3,240000,240000
FY24C1 Annet Eyotaru,88655,Awadifo,685000,34445000,683000,1400000,537000,0,3,240000,240000
FY24C1 Annet Eyotaru,88656,Panya Africa,2045000,11145000,755000,1750000,1265000,0,3,240000,240000
FY24C1 Annet Eyotaru,88657,Ijokici,674000,12235000,1200000,300000,460000,0,3,240000,240000
FY24C1 Annet Eyotaru,88658,Amaecora,645500,20363000,1702000,1478000,590100,0,3,240000,240000
FY24C1 Annet Eyotaru,88659,Happy,1240000,8428000,320000,400000,437600,0,3,240000,240000
FY24C1 Annet Eyotaru,88660,Ichikiru,2430000,15212400,880000,400000,572000,0,2,240000,200000
FY24C1 Annet Eyotaru,88662,Gift,1787200,45424600,1425000,1020000,715500,0,3,240000,240000
FY24C1 Annet Eyotaru,88664,Alionzi,390000,5396000,700000,920000,379000,0,3,240000,240000
FY24C1 Annet Eyotaru,88665,Icokiru,412500,10184000,510000,320000,403000,0,3,240000,240000
FY24C1 Annet Eyotaru,88667,Ocema Ceni,659100,9723600,850000,300000,762000,0,2,240000,240000
FY24C1 Annet Eyotaru,88671,Lucky,1460000,13401000,250000,783000,579000,0,2,240000,240000
FY24C1 Annet Eyotaru,88673,Ama Obi Dri Raka,421000,27983600,880000,1300000,591000,0,3,240000,240000
FY24C1 Annet Eyotaru,88675,Likicho,1024600,16003000,350000,720000,575000,0,2,240000,240000
FY24C1 Annet Eyotaru,88676,Hope,396000,10738500,1432000,2200000,654500,0,3,240000,240000
FY24C1 Annet Eyotaru,89000,Success,592000,24585000,1382000,950000,723000,0,3,240000,240000
FY24C1 Charles Baker,89001,Joy Business Group,1280000,5762000,950000,900000,571000,0,3,240000,240000
FY24C1 Charles Baker,89002,Asante Business Group,230000,2275000,150000,115000,425000,0,3,240000,240000
FY24C1 Charles Baker,89003,Iyete Business,99000,2533000,100000,400000,298000,0,3,240000,240000
FY24C1 Charles Baker,89004,Morijita Business Group,194500,2571000,420000,347000,426000,0,3,240000,240000
FY24C1 Charles Baker,89005,Hope Business Group,311500,1418100,0,0,311500,0,3,240000,240000
FY24C1 Charles Baker,89006,Happy Business Group,330000,1325300,150000,200000,455000,0,3,240000,240000
FY24C1 Charles Baker,89007,Unity Business Group,439000,5807100,223000,400000,519000,0,3,240000,240000
FY24C1 Charles Baker,89008,Blessing Business Group,300000,1800500,0,300000,432500,0,3,240000,240000
FY24C1 Charles Baker,89009,Wuti Ta Ngero,650000,1212000,60000,75000,252000,0,3,240000,240000
FY24C1 Charles Baker,89010,Munguchi Business Group,115000,944500,60000,450000,358500,0,3,240000,240000
FY24C1 Charles Baker,89011,Peace Business Group,85000,3265100,50000,20000,580000,0,3,240000,240000
FY24C1 Charles Baker,89012,Faith Business Group,305000,2536000,309000,250000,383000,0,3,240000,240000
FY24C1 Charles Baker,89013,Mungu Feni,195000,1005000,200000,260000,275000,0,3,240000,240000
FY24C1 Charles Baker,89013,Mungu Feni,195000,1005000,200000,260000,275000,0,3,240000,240000
FY24C1 Charles Baker,89014,Holy Business Group,351000,1027500,200000,200000,461000,0,3,240000,240000
FY24C1 Charles Baker,89015,Mercy Business Group,285000,1495000,48000,80000,293000,0,3,240000,240000
FY24C1 Charles Baker,89016,Tiyu Ku Yupet,212000,1624000,10000,0,200000,0,3,240000,240000
FY24C1 Charles Baker,89017,Yiniki Mugun,250000,870000,130000,120000,345000,0,3,240000,240000
FY24C1 Charles Baker,89018,Moriyo Business Group,387000,770000,130000,70000,395000,0,3,240000,240000
FY24C1 Charles Baker,89211,United Business,600000,1978000,150000,300000,465000,0,3,240000,240000
FY24C1 Charles Baker,89212,Salaam Business Group,185000,1500000,300000,80000,355000,0,3,240000,240000
FY24C1 Edward Amono,89431,Kingdom,496000,4929000,157000,700000,829000,0,3,240000,140000
FY24C1 Edward Amono,89436,Angles,194000,3291500,14000,200000,1041000,0,3,240000,150000
FY24C1 Edward Amono,89426,Important,250000,3202900,142000,200000,653000,0,3,240000,90000
FY24C1 Edward Amono,89427,Happy,487000,4538600,0,500000,446000,0,3,240000,240000
FY24C1 Edward Amono,89428,Athiei,695000,6856000,164000,4000000,602000,0,3,240000,190000
FY24C1 Edward Amono,89429,Blessing,385000,1408500,0,500000,815000,0,3,240000,240000
FY24C1 Edward Amono,89430,Peace And Cooperation,295000,3450600,0,350000,660000,0,3,240000,240000
FY24C1 Edward Amono,89432,Peace Team,260000,4442000,0,150000,545000,0,3,240000,240000
FY24C1 Edward Amono,89433,Good News,284000,620000,0,450000,625000,0,3,240000,240000
FY24C1 Edward Amono,89434,Alafi,560000,3450600,462000,350000,387000,0,3,240000,240000
FY24C1 Edward Amono,89435,Cooperation,208000,1526500,0,350000,500000,0,3,240000,150000
FY24C1 Edward Amono,89437,Unity,228000,3743900,100000,500000,480000,0,3,240000,190000
FY24C1 Edward Amono,89438,Alah Jabu,486000,4872000,0,700000,636000,0,3,240000,240000
FY24C1 Edward Amono,89439,Puon Tok,360000,3508500,0,500000,318000,0,3,240000,240000
FY24C1 Edward Amono,89440,Konyrot Eyi Kony,425000,4990200,285100,800000,909000,0,3,240000,150000
FY24C1 Edward Amono,89441,Wau Achol,206000,2317600,0,700000,415000,0,3,240000,150000
FY24C1 Edward Amono,89442,Rabuna Fi,440000,4943400,75000,700000,715000,0,3,240000,240000
FY24C1 Edward Amono,89443,Kindly,338000,3340000,0,200000,465000,0,3,240000,190000
FY24C1 Edward Amono,89444,Commissioner,228000,1993000,45500,500000,450000,0,3,240000,240000
FY24C1 Edward Amono,89445,God Fear,389000,2979000,115000,350000,625000,0,3,240000,240000
FY24C1 Fauzu Ajidra,88508,Join Hands,1300200,3402000,498000,350000,967000,0,3,240000,240000
FY24C1 Fauzu Ajidra,88504,Together We Can Work,2390000,5539000,965000,2000000,1200000,0,3,240000,240000
FY24C1 Fauzu Ajidra,88505,God With Us,1360000,3449000,544000,500000,885000,0,3,240000,240000
FY24C1 Fauzu Ajidra,88506,Asante,2080000,5413000,865000,400000,700000,0,3,240000,240000
FY24C1 Fauzu Ajidra,88507,Join Together,1580000,3035000,600000,800000,1040000,0,3,240000,240000
FY24C1 Fauzu Ajidra,89198,Little By Little Makes A Buddle,1325000,3217000,596000,580000,1000000,0,3,240000,240000
FY24C1 Fauzu Ajidra,89200,Loketa,2250000,6139000,800000,900000,750000,0,3,240000,240000
FY24C1 Fauzu Ajidra,89203,Emmanuel,2150000,5670000,800000,600000,1075000,0,3,240000,240000
FY24C1 Fauzu Ajidra,89196,Tomore,2170000,5265000,700000,1500000,1048000,0,3,240000,240000
FY24C1 Fauzu Ajidra,89197,God Bless,1800000,4250000,700000,1500000,1020000,0,3,240000,240000
FY24C1 Fauzu Ajidra,89199,Living Hope,1010000,3352000,1140000,400000,580000,0,3,240000,240000
FY24C1 Fauzu Ajidra,89201,Ngu Lo Ndeda,3150000,6077000,908000,200000,570000,0,3,240000,240000
FY24C1 Fauzu Ajidra,89202,Hope,2250000,5890000,1500000,800000,1045000,0,3,240000,240000
FY24C1 Fauzu Ajidra,89204,Salama,3970000,8440000,620000,2000000,605000,0,3,240000,240000
FY24C1 Fauzu Ajidra,89205,Peace,1895000,4002000,850000,370000,1008000,0,3,240000,240000
FY24C1 Fauzu Ajidra,89206,God Is Able,1509000,3494000,907000,865000,950000,0,3,240000,240000
FY24C1 Fauzu Ajidra,89207,Mazora,1580000,4240000,530000,600000,708000,0,3,240000,240000
FY24C1 Fauzu Ajidra,89208,Thank God,4985000,8266000,830000,500000,948000,0,3,240000,240000
FY24C1 Fauzu Ajidra,89209,Together As One,2275000,6417000,600000,400000,1043000,0,3,240000,240000
FY24C1 Fauzu Ajidra,89210,Eyete,3140000,7210000,1045000,650000,900000,0,3,240000,240000
FY24C1 Glorious Ayikoru,88083,Delaki Teili,120000,1700000,750000,250000,215000,0,3,240000,240000
FY24C1 Glorious Ayikoru,89047,Good Luck Bg,110000,2220000,890000,400000,285000,0,3,240000,240000
FY24C1 Glorious Ayikoru,89037,Jujumbita Bg,190000,2095000,800000,500000,295000,0,3,240000,240000
FY24C1 Glorious Ayikoru,89038,Bright Bg,380000,3100000,800000,1000000,420000,0,3,240000,240000
FY24C1 Glorious Ayikoru,89039,Happy Bg,280000,3111000,750000,1000000,345000,0,3,240000,240000
FY24C1 Glorious Ayikoru,89040,Shukuran Allah,130000,2020000,920000,120000,315000,0,3,240000,240000
FY24C1 Glorious Ayikoru,89041,Talitali Bg,180000,1700000,780000,700000,300000,0,3,240000,240000
FY24C1 Glorious Ayikoru,89042,God'S Will Bg,500000,4900000,2300000,60000,530000,0,3,240000,240000
FY24C1 Glorious Ayikoru,89043,Tri Star,95000,1200000,400000,650000,2110000,0,3,240000,240000
FY24C1 Glorious Ayikoru,89044,Blessing Bg,290000,3020000,800000,1000000,340000,0,3,240000,240000
FY24C1 Glorious Ayikoru,89045,Holy Bg,210000,3090000,1100000,300000,360000,0,3,240000,240000
FY24C1 Glorious Ayikoru,89046,Mora Na Abulit Bg,200000,3050000,800000,700000,315000,0,3,240000,240000
FY24C1 Glorious Ayikoru,89048,Salaam Bg,430000,3800000,700000,1100000,450000,0,3,240000,240000
FY24C1 Glorious Ayikoru,89049,New Generation Bg,130000,2000000,600000,400000,370000,0,3,240000,240000
FY24C1 Glorious Ayikoru,89050,Save Nature Bg,400000,4800000,1000000,950000,325000,0,3,240000,240000
FY24C1 Glorious Ayikoru,89051,Geni Kwesi,100000,2151000,100000,950000,185000,0,3,240000,240000
FY24C1 Glorious Ayikoru,89052,Success Bg,100000,1800000,715000,400000,290000,0,3,240000,240000
FY24C1 Glorious Ayikoru,89053,Merisi Bg,70000,1400000,650000,150000,214000,0,3,240000,240000
FY24C1 Glorious Ayikoru,89054,God With Us Bg,150000,2000000,700000,300000,250000,0,3,240000,240000
FY24C1 Glorious Ayikoru,89055,Jonyanita,120000,2111000,870000,190000,340000,0,3,240000,240000
FY24C1 Harmony Irene Faidah,88082,Loving,1580000,3815000,545000,1500000,325000,0,3,240000,240000
FY24C1 Harmony Irene Faidah,88069,Jesus Bg,1435000,3270000,460000,630000,308000,0,3,240000,240000
FY24C1 Harmony Irene Faidah,88070,Miya Bg,1650000,4840000,700000,300000,690000,0,3,240000,240000
FY24C1 Harmony Irene Faidah,88071,Suburb Bg,1121000,3018000,350000,900000,365000,0,3,240000,240000
FY24C1 Harmony Irene Faidah,88072,Humble Bg,1400000,2800000,440000,500000,265000,0,,240000,240000
FY24C1 Harmony Irene Faidah,88073,Blessing Bg,1500000,3800000,600000,800000,365000,0,3,240000,240000
FY24C1 Harmony Irene Faidah,88074,Kueth Bg,1670000,4280000,240000,700000,240000,0,3,240000,240000
FY24C1 Harmony Irene Faidah,88075,Fire Burn Bg,2060000,5200000,640000,500000,475000,0,3,240000,240000
FY24C1 Harmony Irene Faidah,88076,Envukotu Bg,1420000,2800000,400000,750000,256000,0,3,240000,240000
FY24C1 Harmony Irene Faidah,88077,Helping,3500000,6450000,700000,1000000,580000,0,3,240000,240000
FY24C1 Harmony Irene Faidah,88078,Salama,980000,2300000,300000,495000,540000,0,3,240000,240000
FY24C1 Harmony Irene Faidah,88079,Kazi,1600000,4230000,506000,700000,330000,0,3,240000,240000
FY24C1 Harmony Irene Faidah,88080,Alafi,1200000,2980000,800000,700000,355000,0,3,240000,240000
FY24C1 Harmony Irene Faidah,88081,Lubanga Ber,2570000,5160000,800000,1600000,360000,0,3,240000,240000
FY24C1 Harmony Irene Faidah,88105,Join Hands Together,900000,3130000,650000,800000,276000,0,3,240000,240000
FY24C1 Harmony Irene Faidah,88104,Joint Hand,2470000,4580000,500000,2000000,380000,0,3,240000,240000
FY24C1 Harmony Irene Faidah,88153,Lachanpenino,5970000,10580000,800000,600000,575000,0,3,240000,240000
FY24C1 Harmony Irene Faidah,89214,Busy,1800000,4126000,765000,200000,326000,0,3,24000,240000
FY24C1 Harmony Irene Faidah,89216,God Able,1200000,3625000,560000,840000,410000,0,3,240000,240000
FY24C1 Harmony Irene Faidah,89681,Rabuna Saidunina,1350000,3240000,500000,800000,385000,0,3,240000,240000
FY24C1 Hellen Muna,88155,God'S Mercy,1560000,3500000,550000,600000,265000,0,3,240000,240000
FY24C1 Hellen Muna,88186,God With Us,585000,2059000,814000,840000,784000,0,3,240000,240000
FY24C1 Hellen Muna,88187,Blessing,1890000,4650000,620000,400000,267000,0,3,240000,240000
FY24C1 Hellen Muna,88188,Happy,1920000,4370000,587000,800000,710000,0,3,240000,240000
FY24C1 Hellen Muna,88189,Loketa,1825000,6575000,700000,2000000,305000,0,3,240000,240000
FY24C1 Hellen Muna,88190,Anzoa,2167000,5490000,500000,700000,495000,0,3,240000,240000
FY24C1 Hellen Muna,88191,God Cares,2675000,5250000,400000,900000,315008,0,3,240000,240000
FY24C1 Hellen Muna,88192,Fitina Baya,1546000,3840000,706000,800000,276000,0,3,240000,240000
FY24C1 Hellen Muna,88193,Eyete,2050000,4710000,650000,700000,535000,0,3,240000,240000
FY24C1 Hellen Muna,88205,Melody,2910000,5782000,650000,700000,400000,0,3,240000,240000
FY24C1 Hellen Muna,88203,Hope And Grace,3500000,8000000,500000,1050000,436000,0,3,240000,240000
FY24C1 Hellen Muna,88204,Savior,1895000,4115000,670000,570000,275000,0,3,240000,240000
FY24C1 Hellen Muna,88206,Unity,3140000,7840000,570000,660000,208000,0,3,240000,240000
FY24C1 Hellen Muna,88207,Peace,2980000,6456000,600000,2000000,209000,0,3,240000,240000
FY24C1 Hellen Muna,88208,Thank God,2600000,5908000,865000,1000000,550000,0,3,240000,240000
FY24C1 Hellen Muna,88209,Help,1900000,5490000,490000,1000000,296000,0,3,240000,240000
FY24C1 Hellen Muna,88210,Work Together,2900000,6450000,600000,1800000,265000,0,3,240000,240000
FY24C1 Hellen Muna,88211,Sukuran,3977000,7840000,750000,640000,405000,0,3,240000,240000
FY24C1 Hellen Muna,88212,Asante,1300000,2990000,560000,800000,385000,0,3,240000,240000
FY24C1 Hellen Muna,88213,Holy,2556000,6492000,700000,580000,265000,0,3,240000,240000
FY24C1 Isaac Candia,88106,Angle,2400000,5865000,750000,800000,305000,0,3,240000,240000
FY24C1 Isaac Candia,88107,Together We Work,1209000,3618000,970000,600000,321000,0,3,240000,240000
FY24C1 Isaac Candia,88108,Ate Ki Luak,1210000,3193000,700000,600000,385000,0,3,240000,240000
FY24C1 Isaac Candia,88109,Ribe Teko,600000,1851000,1000000,900000,814000,0,3,240000,240000
FY24C1 Isaac Candia,88123,Anzoo,2700000,6250000,590000,360000,831000,1,2,240000,240000
FY24C1 Isaac Candia,88110,Rabuna Ma Mina,900000,2801000,600000,1500000,427000,0,3,240000,240000
FY24C1 Isaac Candia,88111,Lamani Onen,1300000,3150000,560000,1050000,450000,0,3,240000,240000
FY24C1 Isaac Candia,88112,Amata Gu,1200000,2600000,500000,600000,365000,0,3,240000,240000
FY24C1 Isaac Candia,88113,God'S Mercy,1120000,3510000,860000,1600000,340000,0,3,240000,240000
FY24C1 Isaac Candia,88114,Peace,1900000,4111000,800000,500000,400000,0,3,240000,240000
FY24C1 Isaac Candia,88115,Salam,1425000,3450000,840000,760000,390000,0,3,240000,240000
FY24C1 Isaac Candia,88116,God Bless,5870000,12050000,600000,1100000,585000,0,3,240000,240000
FY24C1 Isaac Candia,88117,God Is One,1530000,2810000,550000,500000,708000,0,3,240000,240000
FY24C1 Isaac Candia,88118,Anvo Kozo,1016000,2770000,700000,610000,371000,0,3,240000,240000
FY24C1 Isaac Candia,88119,One Heart,1865000,4260000,500000,900000,393000,0,3,240000,240000
FY24C1 Isaac Candia,88120,God Will,2108000,5440000,630000,700000,545000,0,3,240000,240000
FY24C1 Isaac Candia,88121,Haleleuha,1500000,2440000,520000,700000,320000,0,3,240000,240000
FY24C1 Isaac Candia,88122,Oku Katagu,800000,2207000,450000,600000,250000,0,3,240000,240000
FY24C1 Isaac Candia,88124,Be Aware,1620000,4874000,800000,730000,531000,0,3,240000,240000
FY24C1 Isaac Candia,88125,Hope Women,1070000,3369000,900000,1000000,293000,0,3,240000,240000
FY24C1 Jackline Julius Jokudu,88382,Place,1460000,2760000,760000,250000,460000,0,3,240000,240000
FY24C1 Jackline Julius Jokudu,88377,Emman,3680000,5110000,700000,100000,390000,0,3,240000,240000
FY24C1 Jackline Julius Jokudu,88378,God Favour,2860000,2990000,700000,500000,246000,0,3,240000,240000
FY24C1 Jackline Julius Jokudu,88379,City,2100000,3420000,600000,400000,320000,0,3,240000,240000
FY24C1 Jackline Julius Jokudu,88380,God Marcy,4380000,6246000,600000,1245000,280000,0,3,240000,240000
FY24C1 Jackline Julius Jokudu,88381,Pray To God,2270000,3460000,940000,500000,860000,0,3,240000,240000
FY24C1 Jackline Julius Jokudu,88383,Prosper,560000,2110000,170000,290000,620000,0,3,240000,240000
FY24C1 Jackline Julius Jokudu,88384,Happy,840000,1320000,240000,100000,204000,0,3,240000,240000
FY24C1 Jackline Julius Jokudu,88385,God Bless Us,2420000,3870000,400000,450000,182000,0,3,240000,240000
FY24C1 Jackline Julius Jokudu,88386,Innocent,1026000,2640000,200000,500000,913000,0,3,240000,240000
FY24C1 Jackline Julius Jokudu,88387,Rhino,1240000,2294000,830000,500000,336000,0,3,240000,240000
FY24C1 Jackline Julius Jokudu,88388,Loketa,2613000,3804000,310000,380000,713000,0,3,240000,240000
FY24C1 Jackline Julius Jokudu,88389,Glory Be To God,1928000,3600000,640000,60000,814000,0,3,240000,240000
FY24C1 Jackline Julius Jokudu,88390,Good Luck,2268000,4346000,1040000,720000,420000,0,3,240000,240000
FY24C1 Jackline Julius Jokudu,88391,Unity,1824000,1580000,1703000,400000,386000,0,3,240000,240000
FY24C1 Jackline Julius Jokudu,88392,God Will,1280000,2346000,348000,385000,230000,0,3,240000,240000
FY24C1 Jackline Julius Jokudu,88393,Welcome,2623000,4102000,640000,570000,360000,0,3,240000,240000
FY24C1 Jackline Julius Jokudu,88396,Gift,1264000,2340000,240000,500000,640000,0,3,240000,240000
FY24C1 Jackline Julius Jokudu,88394,Success,470000,1520000,260000,500000,690000,0,3,240000,240000
FY24C1 Jackline Julius Jokudu,88395,Holy,1916000,3760000,450000,250000,312000,0,3,240000,240000
FY24C1 Josline Peace Onyiru,88175,Jatti,581000,14763800,892000,708000,563500,0,3,240000,240000
FY24C1 Josline Peace Onyiru,88176,Salama,321000,11052000,391000,1516000,356000,0,3,240000,240000
FY24C1 Josline Peace Onyiru,88177,Maruku,478000,14045000,688000,400000,771000,0,3,240000,240000
FY24C1 Josline Peace Onyiru,88178,Aliodeku,557500,14549600,2005000,225000,581000,0,3,240000,240000
FY24C1 Josline Peace Onyiru,88179,Icikirubo,896000,22942200,1185000,876000,678000,0,3,240000,240000
FY24C1 Josline Peace Onyiru,88180,Amachi,1840000,40239000,1375000,723000,910000,0,3,240000,240000
FY24C1 Josline Peace Onyiru,88181,Mengo,579000,24492200,417000,300000,573000,0,3,240000,240000
FY24C1 Josline Peace Onyiru,88183,Aliowaku,435000,15174500,1540000,780000,541000,0,3,240000,240000
FY24C1 Josline Peace Onyiru,88182,Imbasi,553000,11643000,446000,500000,898000,0,3,240000,240000
FY24C1 Josline Peace Onyiru,88184,Aliodrozu,485000,17554400,611000,732000,654000,0,3,240000,240000
FY24C1 Josline Peace Onyiru,88305,Trust,366000,11350700,570000,450000,890000,0,3,240000,240000
FY24C1 Josline Peace Onyiru,88302,Aliomadri,288000,4512000,244000,250000,631000,0,3,240000,240000
FY24C1 Josline Peace Onyiru,88303,Amangabo,493500,5897000,818000,730000,571000,0,3,240000,240000
FY24C1 Josline Peace Onyiru,88304,To Do Wonders,373000,5124000,981000,860000,2067000,0,3,240000,240000
FY24C1 Josline Peace Onyiru,88306,Aliobakoacho,253100,4558000,1555000,400000,861500,0,3,240000,240000
FY24C1 Josline Peace Onyiru,88307,Ayiko,415500,9243500,150000,600000,533000,0,3,240000,240000
FY24C1 Josline Peace Onyiru,88308,Amandanyazu,231500,7055000,1520000,800000,438000,0,3,240000,240000
FY24C1 Josline Peace Onyiru,88309,Azileava,301500,12153500,653000,500000,1276000,0,3,240000,240000
FY24C1 Josline Peace Onyiru,88310,Duniya,395000,13725000,513000,700000,1181500,0,3,240000,240000
FY24C1 Josline Peace Onyiru,88311,Samaritan,356000,10331500,745000,1000000,929000,0,3,240000,240000
FY24C1 Leila Zalika,88137,Puren Pure Bg,439200,628000,0,0,3815000,0,3,240000,240000
FY24C1 Leila Zalika,88133,Future Bg,3140500,5442000,560000,500000,256000,0,3,240000,240000
FY24C1 Leila Zalika,88145,God'S Mercy,1444000,3871000,25000,670000,391000,0,3,240000,240000
FY24C1 Leila Zalika,88135,Stand Firm Bg,1947500,3715200,220000,500000,302000,0,3,240000,240000
FY24C1 Leila Zalika,88141,Creative Business Group,1469000,2201400,230000,500000,315000,0,3,240000,240000
FY24C1 Leila Zalika,88140,United Bg,1578000,3178300,288000,150000,415000,0,3,240000,240000
FY24C1 Leila Zalika,88128,Thank God Bg,2954000,4055000,25200,350000,780000,0,3,240000,240000
FY24C1 Leila Zalika,88131,Wehida Bg,2095000,3248000,200000,1500000,301000,0,3,240000,240000
FY24C1 Leila Zalika,88126,Stand Strong Bg,1110000,2741000,510000,200000,651000,0,3,240000,240000
FY24C1 Leila Zalika,88127,Happy Group,1357000,2691900,322000,420000,218000,0,3,240000,240000
FY24C1 Leila Zalika,88129,Gibo Group,4289000,5829000,306000,325000,20000,0,3,240000,240000
FY24C1 Leila Zalika,88130,Entrepreneur Group,1492500,2166000,263000,500000,340000,0,3,240000,240000
FY24C1 Leila Zalika,88132,Sunrise Bg,2372300,3947500,686000,250000,199000,0,3,240000,240000
FY24C1 Leila Zalika,88134,Napuoch,3685500,5179000,84000,1156000,718000,0,3,240000,240000
FY24C1 Leila Zalika,88136,Alafi Business Group,2249500,4835500,344000,300000,214000,0,3,240000,240000
FY24C1 Leila Zalika,88138,Peace Bg,2980000,5268000,610000,300000,698000,0,3,240000,240000
FY24C1 Leila Zalika,88139,We Learn By Doing,2754500,3353000,108000,770000,693000,0,3,240000,240000
FY24C1 Leila Zalika,88142,Challenge Bg,3184000,5216000,240000,270000,1656000,0,3,240000,240000
FY24C1 Leila Zalika,88143,Baraka Group,1027000,1888500,573000,350000,1015000,0,3,240000,240000
FY24C1 Leila Zalika,88144,Loketa Business Group,2128000,4660000,440000,320000,720000,0,3,240000,240000
FY24C1 Luke Avibo,88067,Asianzu,1021900,3215600,809000,801500,1035000,0,3,240000,240000
FY24C1 Luke Avibo,88065,Diza,841900,1689700,780000,75000,231000,0,3,240000,240000
FY24C1 Luke Avibo,88057,Amaecora,1215600,3891800,750000,100000,740000,0,3,240000,240000
FY24C1 Luke Avibo,88058,Emiasiemisi,1045100,2981600,790000,900000,949000,1,0,240000,240000
FY24C1 Luke Avibo,88060,Aliodrozo,1239000,3289200,943000,1500000,781500,0,3,240000,240000
FY24C1 Luke Avibo,88061,Chapatti Nyondo,1840000,2614200,1720000,774200,295200,1,3,240000,240000
FY24C1 Luke Avibo,88062,Community Connection,789000,1616500,487600,400000,500000,0,2,240000,240000
FY24C1 Luke Avibo,88063,Ayiko,1081000,2830000,790000,500000,848000,0,3,240000,240000
FY24C1 Luke Avibo,88064,Aiita,1258600,3468900,880000,800000,496000,0,3,240000,240000
FY24C1 Luke Avibo,88066,Ndunyaku Panyani,968700,2861000,1413000,200000,491000,0,3,240000,240000
FY24C1 Luke Avibo,88146,Mungufeni,1898200,4293800,452000,120000,995000,0,3,240000,240000
FY24C1 Luke Avibo,88147,Angutubo,984200,1864200,487000,621000,534000,0,2,240000,240000
FY24C1 Luke Avibo,88148,Aliowazo,1416200,4328000,870000,900000,634000,0,3,240000,240000
FY24C1 Luke Avibo,88149,Hope,956000,3895000,833000,560000,1058000,0,3,240000,240000
FY24C1 Luke Avibo,88150,Letasi,829150,2169800,900000,390000,329000,0,3,240000,240000
FY24C1 Luke Avibo,88154,Mungueconi,1080000,3848600,670000,430000,1162000,0,3,240000,240000
FY24C1 Luke Avibo,88152,Hillsite,926600,2896000,495000,700000,1205000,0,2,240000,240000
FY24C1 Majid Taban,88437,Amaecora Business Group,965000,20145000,175000,200000,255000,0,3,240000,240000
FY24C1 Majid Taban,88448,Letasi Business Group,1250000,30250000,1560000,864000,571000,0,3,240000,240000
FY24C1 Majid Taban,88430,Omaruku Business Group,545000,6309000,245000,350000,245000,0,3,240000,240000
FY24C1 Majid Taban,88431,Asiamasiku Business Group,630000,14100000,615000,550000,350000,0,3,240000,240000
FY24C1 Majid Taban,88432,Astante Business Group,953500,20040000,600000,1570000,285000,0,3,240000,240000
FY24C1 Majid Taban,88433,Ayikoru Business Group,1269000,18045000,630000,450000,186000,0,3,240000,240000
FY24C1 Majid Taban,88434,Smart Business Group,539000,1237800,120000,1700000,215000,0,3,240000,240000
FY24C1 Majid Taban,88440,Echikirubo Business Group,279000,4062500,400000,200000,350000,0,3,240000,240000
FY24C1 Majid Taban,88435,Peace And Love Business Group,754000,28311000,1410000,1700000,244500,0,3,240000,240000
FY24C1 Majid Taban,88436,Amaecobo Business Group,739000,31368000,480000,1570000,270000,0,3,240000,240000
FY24C1 Majid Taban,88438,Kalujeme Business Group,558000,5765000,396000,160000,328000,0,3,240000,240000
FY24C1 Majid Taban,88439,Amababa,3560000,22025000,858000,800000,925000,0,3,240000,240000
FY24C1 Majid Taban,88441,Wake-Up Business Group,1025000,15375000,238000,1000000,317800,0,3,240000,240000
FY24C1 Majid Taban,88442,Salamu Business Group,406000,5539000,815000,860000,206500,0,3,240000,240000
FY24C1 Majid Taban,88443,Measimisi Business Group,736000,19816000,410000,750000,190000,0,3,240000,2140000
FY24C1 Majid Taban,88445,No-Sleep Business Group,387000,5790000,350000,480000,553000,0,3,240000,240000
FY24C1 Majid Taban,88444,Hope Business Group,526500,10057000,300000,1000000,340000,0,3,240000,240000
FY24C1 Majid Taban,88446,Ayiko Business Group,937000,18045000,415000,650000,815000,0,3,240000,240000
FY24C1 Majid Taban,88447,Happy Business Group,3235000,24846000,440000,7000000,415000,0,3,240000,240000
FY24C1 Majid Taban,88449,Ichikiti Business Group,920000,27039500,805000,560000,310000,0,3,240000,240000
FY24C1 Modnes Akandru,88037,United Group,1297000,16963900,567000,1668000,7048000,0,3,240000,240000
FY24C1 Modnes Akandru,88041,Blessing Group,396000,3131300,212000,300000,908700,0,3,240000,240000
FY24C1 Modnes Akandru,88050,Taling Group,1219000,11092000,931000,1200000,384000,0,3,240000,240000
FY24C1 Modnes Akandru,88031,Anjo Rubanga,134500,8722600,471500,500000,254000,1,3,240000,140000
FY24C1 Modnes Akandru,88032,Asanty,749000,66524900,535000,1000000,478000,0,3,240000,240000
FY24C1 Modnes Akandru,88033,Mungufeni,782000,3655800,1028000,300000,782000,0,3,240000,240000
FY24C1 Modnes Akandru,88033,Mungufeni,782000,3655800,1028000,300000,782000,0,3,240000,240000
FY24C1 Modnes Akandru,88034,Pataena,590000,4361600,1029500,240000,1186000,0,3,240000,240000
FY24C1 Modnes Akandru,88035,Loketa Business Group,480000,14723400,490000,400000,456000,0,3,240000,240000
FY24C1 Modnes Akandru,88036,Tomore Business Group,148500,3129800,95500,40000,530000,2,3,240000,240000
FY24C1 Modnes Akandru,88038,Ngunu Koyi,365000,1646700,337000,500000,270000,0,3,240000,240000
FY24C1 Modnes Akandru,88039,Togoleta Mugu Group,2274000,17629300,550000,1100000,726000,0,3,240000,240000
FY24C1 Modnes Akandru,88040,Iyete Group,335000,3594500,119000,300000,391000,0,3,240000,240000
FY24C1 Modnes Akandru,88042,Liranita Goo,321000,17125000,1295000,421800,487800,0,3,240000,240000
FY24C1 Modnes Akandru,88043,Peace Group,782000,3655500,1028000,300000,560000,0,3,240000,240000
FY24C1 Modnes Akandru,88044,Ngunu Kata Group,740000,6399500,250000,680000,351000,0,3,240000,240000
FY24C1 Modnes Akandru,88045,Gajimede Ino,579000,2856600,390000,300000,439000,0,3,240000,240000
FY24C1 Modnes Akandru,88046,Galaki Munu,476000,2519500,694000,450000,518000,0,3,240000,240000
FY24C1 Modnes Akandru,88047,Yikita Group,401000,1806700,217000,200000,462500,0,3,240000,240000
FY24C1 Modnes Akandru,88048,Pajita Beri Group,445000,3665200,665000,400000,580000,0,3,240000,240000
FY24C1 Modnes Akandru,88049,Wake Up Group,1472000,6863500,939000,721500,474000,0,3,240000,240000
FY24C1 Nassa Hindum,88185,Eyonizo Bg,1081700,2361900,1135000,230000,436500,0,3,240000,240000
FY24C1 Nassa Hindum,88158,Mungufeni Bg,812600,2432600,730000,200000,812500,0,3,240000,240000
FY24C1 Nassa Hindum,88164,Joy Bg,796200,1516000,310000,600000,396800,0,3,240000,240000
FY24C1 Nassa Hindum,88156,Power Bg,1321000,2861000,640000,676000,687000,0,3,240000,240000
FY24C1 Nassa Hindum,88171,Fresh Bg,1341600,2617000,640000,612000,678000,0,3,240000,240000
FY24C1 Nassa Hindum,88157,Blessing Bg,1005000,2621800,653000,400000,803800,0,3,240000,240000
FY24C1 Nassa Hindum,88174,Econi Bg,786000,1639800,365000,300000,644000,0,3,240000,240000
FY24C1 Nassa Hindum,88159,White Star Bg,729400,1918600,275000,260000,1047500,0,3,240000,240000
FY24C1 Nassa Hindum,88160,Ama-Ecora Bg,629700,1417200,750000,70000,347000,0,3,240000,240000
FY24C1 Nassa Hindum,88161,Victoria Bg,685700,1816200,612000,257000,638000,0,3,240000,240000
FY24C1 Nassa Hindum,88162,Ocema-Ceni Bg,1005000,2213400,404000,580000,627000,0,3,240000,240000
FY24C1 Nassa Hindum,88163,Aliodrozu Bg,984000,2105000,630000,350000,581000,0,3,240000,240000
FY24C1 Nassa Hindum,88165,Awania Bg,1436800,3286300,1180000,462300,698000,0,3,240000,240000
FY24C1 Nassa Hindum,88166,Happiness,1118900,2619800,1340000,500000,328000,0,3,240000,240000
FY24C1 Nassa Hindum,88168,Asianzu Bg,961500,2812900,490000,600000,967000,1,3,240000,240000
FY24C1 Nassa Hindum,88169,Faith Bg,826700,1981600,433000,826700,1005000,0,3,240000,240000
FY24C1 Nassa Hindum,88170,Ayikoru Bg,865000,1627000,482000,456000,500000,0,3,240000,240000
FY24C1 Nassa Hindum,88172,Drileba Bg,1861800,4261000,847000,2000000,700000,0,3,240000,240000
FY24C1 Nassa Hindum,88173,Romah Bg,925600,1689700,386700,400000,506000,0,3,240000,240000
FY24C1 Nelson Adaku,88570,Mungufeni Enterprise,960000,11048000,170000,300000,402000,0,3,240000,240000
FY24C1 Nelson Adaku,88573,Amaichora Kiri,630000,5324500,300000,400000,750000,0,3,240000,240000
FY24C1 Nelson Adaku,88563,Munguci,1240000,1960000,418000,3000000,820000,0,3,240000,240000
FY24C1 Nelson Adaku,88572,Aliojejo,1500000,8446500,300000,800000,750000,0,3,240000,240000
FY24C1 Nelson Adaku,88578,Oraku Enterprise,420000,4820000,400000,900000,362500,0,3,240000,240000
FY24C1 Nelson Adaku,88559,Asiteza,520000,6890000,555000,180000,325000,0,3,240000,240000
FY24C1 Nelson Adaku,88577,Icikiti Kiri,654000,7383000,200000,800000,450000,0,3,240000,240000
FY24C1 Nelson Adaku,88560,Gift,1392000,10050000,1616000,1600000,452000,0,3,240000,240000
FY24C1 Nelson Adaku,88565,Amaichora,1342000,10500000,808000,80000,643500,0,3,240000,240000
FY24C1 Nelson Adaku,88561,Oyabaku,2700000,16200000,2300000,860000,1640000,0,3,240000,240000
FY24C1 Nelson Adaku,88564,Peace,1056500,8350000,2000000,920000,1240000,0,3,240000,240000
FY24C1 Nelson Adaku,88562,Onita,820000,7600000,280000,300000,465000,0,3,240000,240000
FY24C1 Nelson Adaku,88566,Amaiciruku,1400000,9700000,600000,900000,7820000,0,3,240000,240000
FY24C1 Nelson Adaku,88567,Aliowaku,982500,8900000,240000,450000,243000,0,3,240000,240000
FY24C1 Nelson Adaku,88568,Teku,2400000,11910000,1200000,500000,970000,0,3,240000,240000
FY24C1 Nelson Adaku,88569,Sukuru,1032500,10750000,0,650000,560000,0,3,240000,240000
FY24C1 Nelson Adaku,88571,Idranigo Mutiriku,500000,4700000,0,700000,400000,0,3,240000,240000
FY24C1 Nelson Adaku,88574,Oyabaku Kiri,725000,6120000,355000,650000,405000,0,3,240000,240000
FY24C1 Nelson Adaku,88575,Anafiyo,893600,7342000,9500,900000,567000,0,3,240000,240000
FY24C1 Nelson Adaku,88576,Ociriku,1451600,8750000,800000,1200000,690000,0,3,240000,240000
FY24C1 Santino Ojas Ware,88541,God First Bg,269000,2359000,0,100000,723000,0,3,240000,240000
FY24C1 Santino Ojas Ware,88523,Moriji Parik Ko Mugun Bg,500000,6923300,0,300000,961000,0,3,240000,240000
FY24C1 Santino Ojas Ware,88524,Unity Bg,485000,4705000,0,200000,1057000,0,3,240000,240000
FY24C1 Santino Ojas Ware,88525,Gole Ku Mugun Bg,473000,5297000,0,200000,1087000,0,3,240000,240000
FY24C1 Santino Ojas Ware,88526,Allah Kerim Bg,312000,1578200,50000,100000,546000,1,3,240000,240000
FY24C1 Santino Ojas Ware,88527,Amma - Alu Bg,309000,5863000,18000,886700,301000,0,3,240000,240000
FY24C1 Santino Ojas Ware,88528,God Is Able Bg,486000,5925900,0,500000,737300,0,3,240000,240000
FY24C1 Santino Ojas Ware,88529,Yes Bg,359000,4689500,195500,200000,622000,0,3,240000,240000
FY24C1 Santino Ojas Ware,88530,Kwiya Bg,245000,3261500,102000,325000,483500,0,3,240000,240000
FY24C1 Santino Ojas Ware,88531,Canrom Bg,272000,1651600,28000,150000,646000,0,3,240000,240000
FY24C1 Santino Ojas Ware,88532,Iyete Bg,3910000,3512000,400000,291000,444000,0,3,240000,240000
FY24C1 Santino Ojas Ware,88533,Ngun Kata Bg,650000,8297100,0,455000,930400,0,3,240000,240000
FY24C1 Santino Ojas Ware,88534,Mungu Yicho Bg,472000,5414400,315000,785000,1179000,0,3,240000,240000
FY24C1 Santino Ojas Ware,88535,Ngongi Taling Bg,410000,4333500,0,200000,722000,0,3,240000,240000
FY24C1 Santino Ojas Ware,88536,Hope Bg,870000,5709000,100000,500000,1105000,0,3,240000,240000
FY24C1 Santino Ojas Ware,88537,Happy Bg,411000,6223000,944000,160000,779000,0,3,240000,240000
FY24C1 Santino Ojas Ware,88538,Sukuran Bg,458000,6307400,181300,400000,621000,0,3,240000,240000
FY24C1 Santino Ojas Ware,88539,Okonyo Can Bg,580000,8262500,0,700000,805000,0,3,240000,240000
FY24C1 Santino Ojas Ware,88540,Baraka Bg,611000,5137800,31000,350000,751000,0,3,240000,240000
FY24C1 Santino Ojas Ware,88558,One Heart Group,480000,4410000,127500,500000,634000,0,3,240000,240000
FY24C1 Umar Jurua,88027,Maazu Group,266000,1155000,565000,500000,282000,0,3,240000,240000
FY24C1 Umar Jurua,88028,Eyate Group,277500,5233200,302000,400000,416000,0,3,240000,240000
FY24C1 Umar Jurua,88029,Happy Group,130000,1014600,101500,300000,360000,0,3,240000,240000
FY24C1 Umar Jurua,88030,Yeneti Group,260000,5192200,1026000,14500,414000,0,3,240000,240000
FY24C1 Umar Jurua,88522,Faith Group,163100,6092000,390000,250000,357000,0,3,240000,240000
FY24C1 Umar Jurua,88509,Ketaa Group,368500,5787400,605000,450000,474000,0,3,240000,240000
FY24C1 Umar Jurua,88510,Benitu Group,120000,4036600,200000,100000,290000,0,3,240000,244000
FY24C1 Umar Jurua,88511,Sawa Group,289000,1400500,160000,200000,593000,2,3,240000,240000
FY24C1 Umar Jurua,88512,Be Happy Group,312000,1970500,105000,0,811000,0,3,240000,240000
FY24C1 Umar Jurua,88513,Emmanuel Group,185000,1232000,440000,370000,2605000,0,3,240000,240000
FY24C1 Umar Jurua,88514,Hope Group,286000,5230800,605000,210000,285000,0,3,240000,200000
FY24C1 Umar Jurua,88515,Blessing Group,215000,2367700,105000,500000,441000,0,3,240000,240000
FY24C1 Umar Jurua,88516,Women Group,205000,1734500,315000,300000,230000,0,3,240000,240000
FY24C1 Umar Jurua,88517,Desire Group,265000,1790700,185000,150000,802000,0,3,240000,240000
FY24C1 Umar Jurua,88518,Mercy Group,70000,1096600,245000,150000,393000,0,3,240000,240000
FY24C1 Umar Jurua,88519,Nguu_Kata Group,110000,2210500,4695000,500000,365500,0,3,240000,240000
FY24C1 Umar Jurua,88520,Allah Karim,200000,1667500,250000,200000,448000,0,3,240000,240000
FY24C1 Umar Jurua,88521,God'S Plan Group,188300,3702000,475000,650000,542000,0,3,240000,240000
FY24C1 Umar Jurua,88649,Unit Group,173000,3742200,250000,0,631000,0,3,240000,240000
FY24C1 Umar Jurua,88650,Salvation Group,106500,9274000,315000,1100000,492500,0,3,240000,240000
FY24C1 Yesua Aliki Uriah,88084,Siyona Group,350000,4314100,300000,500000,289000,0,3,240000,240000
FY24C1 Yesua Aliki Uriah,88085,Bule,120000,1783300,0,100000,452000,0,3,240000,240000
FY24C1 Yesua Aliki Uriah,88086,Yenet,105000,1100300,0,500000,287000,0,3,240000,240000
FY24C1 Yesua Aliki Uriah,88087,Lokeyi,190000,2505500,100000,300000,355000,0,3,240000,240000
FY24C1 Yesua Aliki Uriah,88088,Nyaret,55000,1632000,204000,440000,320000,0,3,240000,240000
FY24C1 Yesua Aliki Uriah,88089,Mijuta Group,80000,1449800,0,250000,262000,0,3,240000,240000
FY24C1 Yesua Aliki Uriah,88090,Kitani Ku Yupet,305000,2128400,150000,0,486000,0,3,240000,240000
FY24C1 Yesua Aliki Uriah,88091,Mondu Ruket,87000,1903000,200000,150000,525100,0,3,240000,240000
FY24C1 Yesua Aliki Uriah,88092,Fungaro Group,400000,852000,0,200000,278000,1,3,240000,240000
FY24C1 Yesua Aliki Uriah,88093,Munguchi,220000,697900,125000,150000,325000,0,3,240000,240000
FY24C1 Yesua Aliki Uriah,88094,Smart Business Group,275000,1042500,0,250000,291000,0,3,240000,240000
FY24C1 Yesua Aliki Uriah,88095,Asante Group,300000,1436000,80000,260000,360000,0,3,240000,240000
FY24C1 Yesua Aliki Uriah,88096,Blessings Group,222000,1856500,200000,80000,441000,0,3,240000,240000
FY24C1 Yesua Aliki Uriah,88097,Mulukita Ngunu Group,48000,485000,0,180000,463500,0,3,240000,240000
FY24C1 Yesua Aliki Uriah,88098,Mungufeni Business Group,535000,967800,0,214000,838000,0,3,240000,240000
FY24C1 Yesua Aliki Uriah,88099,Rungeta Group,37000,748800,0,0,309000,0,3,240000,240000
FY24C1 Yesua Aliki Uriah,88100,Awadifo Business Group,360000,882000,280000,240000,450000,0,3,240000,240000
FY24C1 Yesua Aliki Uriah,88101,God Wish Business Group,2500000,7174500,500000,600000,221500,0,3,240000,240000
FY24C1 Yesua Aliki Uriah,88102,Momoita Group,302000,934000,500000,200000,900000,0,3,240000,240000
FY24C1 Yesua Aliki Uriah,88103,Allah Fi,225000,2865900,120000,600000,340000,0,3,240000,240000
